Model,Release date,Max resolution,Low resolution,Effective pixels,Zoom wide (W),Zoom tele (T),Normal focus range,Macro focus range,Storage included,Weight (inc. batteries),Dimensions,Price
Agfa,1997,1024.0,640.0,0.0,38.0,114.0,70.0,40.0,4.0,420.0,95.0,179.0
Agfa,1998,1280.0,640.0,1.0,38.0,114.0,50.0,0.0,4.0,420.0,158.0,179.0
Agfa,2000,640.0,0.0,0.0,45.0,45.0,0.0,0.0,2.0,420.0,158.0,179.0
Agfa,1999,1152.0,640.0,0.0,35.0,35.0,0.0,0.0,4.0,420.0,158.0,269.0
Agfa,1999,1152.0,640.0,0.0,43.0,43.0,50.0,0.0,40.0,300.0,128.0,1299.0
Agfa,2001,1600.0,640.0,1.0,51.0,51.0,50.0,20.0,8.0,270.0,119.0,179.0
Agfa,1999,1280.0,640.0,1.0,34.0,102.0,0.0,0.0,8.0,270.0,119.0,179.0
Canon,1997,640.0,0.0,0.0,42.0,42.0,70.0,3.0,2.0,320.0,93.0,149.0
Canon,1996,832.0,640.0,0.0,50.0,50.0,40.0,10.0,1.0,460.0,160.0,139.0
Canon,2001,1280.0,1024.0,1.0,35.0,105.0,76.0,16.0,8.0,375.0,110.0,139.0
Canon,2002,1280.0,1024.0,1.0,39.0,39.0,20.0,5.0,8.0,225.0,110.0,139.0
Canon,2001,1600.0,1024.0,1.0,35.0,105.0,76.0,16.0,8.0,375.0,110.0,139.0
Canon,2002,1600.0,1024.0,1.0,39.0,39.0,20.0,5.0,8.0,225.0,110.0,139.0
Canon,2002,1280.0,1024.0,1.0,35.0,105.0,76.0,16.0,8.0,350.0,110.0,139.0
Canon,2003,2048.0,1600.0,3.0,33.0,33.0,20.0,5.0,32.0,225.0,111.0,139.0
Canon,2004,2048.0,1600.0,3.0,33.0,33.0,0.0,5.0,0.0,205.0,110.0,139.0
Canon,2002,1600.0,1024.0,1.0,35.0,105.0,76.0,16.0,8.0,350.0,110.0,139.0
Canon,2004,2048.0,1600.0,3.0,45.0,100.0,0.0,5.0,16.0,255.0,107.0,139.0
Canon,2005,2048.0,1600.0,3.0,41.0,131.0,0.0,1.0,16.0,195.0,103.0,139.0
Canon,2006,2272.0,1600.0,4.0,39.0,125.0,47.0,1.0,16.0,200.0,103.0,139.0
Canon,2006,2272.0,1600.0,4.0,39.0,156.0,47.0,1.0,16.0,210.0,103.0,139.0
Canon,2007,2592.0,2048.0,5.0,38.0,122.0,47.0,1.0,16.0,215.0,106.0,139.0
Canon,2007,2592.0,2048.0,5.0,38.0,152.0,47.0,1.0,16.0,215.0,106.0,139.0
Canon,1998,1024.0,512.0,0.0,35.0,35.0,50.0,9.0,8.0,240.0,105.0,149.0
Canon,1999,1280.0,640.0,1.0,28.0,70.0,50.0,17.0,8.0,290.0,103.0,149.0
Canon,2005,2048.0,1600.0,3.0,35.0,140.0,0.0,5.0,16.0,230.0,91.0,139.0
Canon,2005,2272.0,1600.0,3.0,35.0,140.0,0.0,5.0,16.0,230.0,91.0,149.0
Canon,2006,2592.0,2048.0,5.0,35.0,140.0,45.0,5.0,16.0,220.0,90.0,149.0
Canon,2006,2816.0,2272.0,6.0,35.0,140.0,45.0,5.0,16.0,230.0,90.0,149.0
Canon,2007,3072.0,2592.0,7.0,35.0,140.0,45.0,5.0,16.0,210.0,91.0,149.0
Canon,2007,3072.0,2592.0,7.0,35.0,140.0,45.0,5.0,16.0,205.0,91.0,149.0
Canon,2007,3072.0,2592.0,7.0,35.0,140.0,45.0,5.0,16.0,215.0,90.0,149.0
Canon,1999,1024.0,512.0,0.0,28.0,70.0,50.0,17.0,8.0,290.0,103.0,149.0
Canon,2003,1600.0,1024.0,1.0,35.0,105.0,46.0,5.0,16.0,315.0,101.0,139.0
Canon,2005,2592.0,2592.0,5.0,35.0,140.0,0.0,1.0,16.0,285.0,105.0,139.0
Canon,2005,3072.0,3072.0,7.0,35.0,140.0,0.0,1.0,32.0,285.0,105.0,139.0
Canon,2006,3264.0,2592.0,8.0,35.0,140.0,0.0,1.0,16.0,315.0,109.0,139.0
Canon,2006,3648.0,2816.0,10.0,35.0,140.0,0.0,1.0,32.0,315.0,109.0,139.0
Canon,2007,4000.0,3264.0,12.0,35.0,210.0,0.0,1.0,32.0,300.0,97.0,399.0
Canon,2003,2048.0,1600.0,3.0,35.0,105.0,46.0,5.0,16.0,315.0,101.0,139.0
Canon,2006,2816.0,2272.0,6.0,35.0,210.0,55.0,1.0,16.0,250.0,94.0,139.0
Canon,2006,3072.0,2592.0,7.0,35.0,210.0,55.0,1.0,16.0,210.0,98.0,139.0
Canon,2007,3264.0,2592.0,8.0,35.0,210.0,55.0,1.0,16.0,250.0,97.0,399.0
Canon,2004,2048.0,1600.0,3.0,35.0,105.0,46.0,5.0,32.0,315.0,101.0,139.0
Canon,2003,2272.0,1600.0,3.0,38.0,114.0,46.0,5.0,32.0,350.0,103.0,139.0
Canon,2004,2272.0,1600.0,4.0,35.0,105.0,0.0,5.0,32.0,300.0,101.0,139.0
Canon,2004,2592.0,2048.0,5.0,38.0,114.0,45.0,5.0,32.0,335.0,101.0,139.0
Canon,2000,2048.0,1024.0,3.0,34.0,102.0,70.0,6.0,16.0,490.0,120.0,499.0
Canon,2001,2272.0,1600.0,3.0,34.0,102.0,70.0,6.0,32.0,510.0,121.0,499.0
Canon,2002,2272.0,1600.0,3.0,35.0,140.0,50.0,5.0,32.0,490.0,121.0,499.0
Canon,2003,2592.0,1600.0,5.0,35.0,140.0,50.0,5.0,32.0,490.0,121.0,149.0
Canon,2004,3072.0,2592.0,7.0,35.0,140.0,50.0,5.0,32.0,467.0,105.0,499.0
Canon,2006,3648.0,2816.0,10.0,35.0,210.0,50.0,1.0,32.0,380.0,106.0,499.0
Canon,2007,4000.0,3264.0,12.0,35.0,210.0,50.0,1.0,32.0,370.0,106.0,499.0
Canon,2004,3264.0,2272.0,8.0,28.0,200.0,50.0,3.0,64.0,640.0,118.0,139.0
Canon,1998,1536.0,768.0,1.0,28.0,70.0,32.0,12.0,8.0,800.0,148.0,199.0
Canon,2001,1856.0,1024.0,2.0,37.0,370.0,10.0,10.0,16.0,680.0,127.0,384.0
Canon,1999,1600.0,1280.0,1.0,35.0,70.0,46.0,12.0,8.0,320.0,106.0,399.0
Canon,2000,1600.0,640.0,1.0,35.0,70.0,57.0,10.0,8.0,250.0,87.0,199.0
Canon,2001,1600.0,1024.0,1.0,35.0,70.0,57.0,10.0,8.0,250.0,87.0,199.0
Canon,2004,2048.0,1600.0,3.0,38.0,380.0,10.0,10.0,32.0,469.0,111.0,399.0
Canon,2000,2048.0,1024.0,3.0,32.0,64.0,66.0,12.0,16.0,320.0,106.0,399.0
Canon,2002,1600.0,1024.0,1.0,35.0,70.0,57.0,10.0,8.0,250.0,87.0,199.0
Canon,2002,2048.0,1600.0,3.0,35.0,70.0,47.0,10.0,16.0,250.0,87.0,199.0
Canon,2001,2048.0,1600.0,3.0,35.0,105.0,80.0,10.0,16.0,323.0,112.0,399.0
Canon,2001,1600.0,1024.0,1.0,35.0,105.0,76.0,16.0,8.0,270.0,95.0,199.0
Canon,2002,1600.0,1024.0,1.0,35.0,105.0,76.0,16.0,8.0,274.0,95.0,199.0
Canon,2001,2272.0,1600.0,3.0,35.0,105.0,80.0,10.0,16.0,323.0,112.0,139.0
Canon,2003,2272.0,1600.0,3.0,36.0,108.0,46.0,5.0,32.0,230.0,87.0,139.0
Canon,2004,2272.0,1600.0,3.0,36.0,108.0,0.0,5.0,32.0,215.0,87.0,139.0
Canon,2002,2272.0,1600.0,3.0,35.0,105.0,50.0,10.0,32.0,323.0,112.0,139.0
Canon,2003,2592.0,1600.0,5.0,35.0,105.0,50.0,10.0,32.0,323.0,112.0,399.0
Canon,2004,2592.0,2048.0,5.0,36.0,108.0,0.0,5.0,32.0,215.0,87.0,149.0
Canon,2004,2592.0,1600.0,5.0,28.0,100.0,50.0,4.0,32.0,300.0,114.0,399.0
Canon,2004,3072.0,2592.0,7.0,28.0,100.0,50.0,4.0,32.0,300.0,114.0,399.0
Canon,2005,3264.0,2592.0,8.0,28.0,100.0,50.0,4.0,32.0,290.0,104.0,399.0
Canon,2003,2272.0,1600.0,3.0,38.0,38.0,0.0,3.0,32.0,140.0,90.0,199.0
Canon,2003,2048.0,1600.0,3.0,35.0,70.0,47.0,10.0,16.0,185.0,85.0,199.0
Canon,2007,3072.0,2592.0,7.0,35.0,105.0,0.0,5.0,32.0,175.0,86.0,199.0
Canon,2004,2048.0,1600.0,3.0,35.0,70.0,0.0,10.0,16.0,195.0,85.0,199.0
Canon,2004,2592.0,2048.0,5.0,39.0,39.0,0.0,3.0,32.0,140.0,90.0,199.0
Canon,2004,2048.0,1600.0,3.0,35.0,105.0,0.0,3.0,16.0,135.0,86.0,199.0
Canon,2005,2592.0,2048.0,5.0,38.0,90.0,0.0,10.0,16.0,120.0,96.0,199.0
Canon,2004,2272.0,1600.0,3.0,35.0,105.0,0.0,3.0,16.0,147.0,86.0,199.0
Canon,2006,3072.0,2592.0,7.0,38.0,90.0,0.0,10.0,16.0,120.0,96.0,199.0
Canon,2005,2592.0,2048.0,5.0,35.0,105.0,0.0,3.0,16.0,150.0,86.0,199.0
Canon,2005,2592.0,2048.0,5.0,35.0,105.0,0.0,3.0,16.0,185.0,99.0,199.0
Canon,2005,2592.0,2048.0,5.0,35.0,105.0,0.0,3.0,16.0,155.0,86.0,199.0
Canon,2005,3072.0,2592.0,7.0,37.0,111.0,0.0,5.0,32.0,200.0,90.0,199.0
Canon,2005,3072.0,2592.0,7.0,37.0,111.0,0.0,5.0,32.0,185.0,90.0,199.0
Canon,2006,2816.0,2272.0,6.0,35.0,105.0,30.0,3.0,16.0,170.0,86.0,199.0
Canon,2006,2816.0,2272.0,6.0,35.0,105.0,30.0,3.0,16.0,175.0,90.0,199.0
Canon,2006,2816.0,2272.0,6.0,35.0,140.0,45.0,2.0,16.0,195.0,90.0,384.0
Canon,2007,3072.0,2592.0,7.0,35.0,105.0,0.0,5.0,32.0,170.0,92.0,384.0
Canon,2006,3072.0,2592.0,7.0,28.0,105.0,0.0,3.0,16.0,195.0,90.0,384.0
Canon,2007,3264.0,2272.0,8.0,35.0,140.0,45.0,2.0,32.0,195.0,90.0,384.0
Canon,2007,3264.0,2592.0,8.0,28.0,105.0,45.0,2.0,32.0,165.0,93.0,384.0
Canon,2006,3648.0,2816.0,10.0,37.0,111.0,0.0,5.0,32.0,205.0,91.0,199.0
Canon,2007,4000.0,3264.0,12.0,36.0,133.0,50.0,5.0,32.0,205.0,96.0,384.0
Canon,2007,3264.0,2592.0,8.0,36.0,360.0,50.0,1.0,32.0,316.0,109.0,299.0
Canon,2007,3072.0,2592.0,7.0,39.0,390.0,50.0,10.0,0.0,260.0,89.0,139.0
Casio,2005,2560.0,2048.0,4.0,38.0,190.0,40.0,1.0,7.0,275.0,99.0,249.0
Casio,2004,2816.0,2048.0,5.0,33.0,132.0,40.0,10.0,9.0,275.0,98.0,249.0
Casio,2004,3072.0,2304.0,7.0,33.0,132.0,40.0,10.0,9.0,275.0,98.0,249.0
Casio,2004,2048.0,1600.0,3.0,36.0,102.0,40.0,17.0,9.0,123.0,88.0,249.0
Casio,2003,1600.0,1280.0,1.0,35.0,35.0,80.0,30.0,10.0,100.0,83.0,249.0
Casio,2003,2048.0,1600.0,3.0,35.0,35.0,80.0,80.0,10.0,110.0,90.0,249.0
Casio,2005,2560.0,2304.0,4.0,38.0,114.0,40.0,17.0,8.0,125.0,90.0,249.0
Casio,2005,2816.0,2304.0,6.0,38.0,114.0,40.0,15.0,8.0,155.0,90.0,249.0
Casio,2006,2816.0,2304.0,6.0,38.0,114.0,40.0,15.0,8.0,155.0,90.0,249.0
Casio,2007,3264.0,2816.0,8.0,38.0,114.0,50.0,15.0,10.0,138.0,94.5,249.0
Casio,2007,3072.0,2560.0,7.0,38.0,266.0,30.0,10.0,11.0,190.0,96.0,299.0
Casio,2007,3264.0,2816.0,8.0,38.0,266.0,40.0,10.0,11.0,199.0,96.0,299.0
Casio,2005,2560.0,2304.0,5.0,35.0,114.0,40.0,6.0,8.0,154.0,90.0,329.0
Casio,2006,3648.0,2560.0,10.0,38.0,114.0,40.0,6.0,8.0,185.0,92.0,329.0
Casio,2007,3648.0,2560.0,10.0,38.0,114.0,40.0,10.0,15.0,165.0,91.0,329.0
Casio,2007,3648.0,2560.0,10.0,38.0,114.0,40.0,10.0,11.0,165.0,91.0,329.0
Casio,2005,2816.0,2304.0,6.0,35.0,114.0,40.0,6.0,8.0,151.0,90.0,329.0
Casio,2005,3072.0,2560.0,7.0,38.0,114.0,50.0,10.0,8.0,154.0,90.0,329.0
Casio,2007,4000.0,3264.0,12.0,37.0,111.0,40.0,6.0,11.0,162.0,93.0,329.0
Casio,2003,2048.0,1600.0,3.0,35.0,105.0,40.0,6.0,16.0,170.0,87.0,329.0
Casio,2004,2048.0,1600.0,3.0,35.0,105.0,40.0,6.0,9.0,150.0,87.0,329.0
Casio,2003,2304.0,1600.0,4.0,35.0,105.0,40.0,6.0,16.0,170.0,87.0,329.0
Casio,2004,2304.0,1600.0,4.0,35.0,105.0,40.0,6.0,9.0,150.0,87.0,329.0
Casio,2006,2560.0,2304.0,4.0,38.0,114.0,40.0,10.0,8.0,160.0,95.0,329.0
Casio,2004,2560.0,2048.0,5.0,35.0,105.0,50.0,6.0,9.0,171.0,87.0,329.0
Casio,2005,2560.0,2304.0,5.0,38.0,114.0,40.0,17.0,8.0,127.0,89.0,329.0
Casio,2004,2560.0,2048.0,5.0,35.0,105.0,50.0,6.0,9.0,180.0,87.0,329.0
Casio,2005,2560.0,2048.0,4.0,35.0,105.0,40.0,6.0,9.0,175.0,89.0,199.0
Casio,2006,2816.0,2304.0,6.0,38.0,114.0,40.0,10.0,8.0,148.0,95.0,329.0
Casio,2006,3072.0,2560.0,7.0,38.0,114.0,40.0,10.0,8.0,140.0,95.0,199.0
Casio,2006,3072.0,2560.0,7.0,38.0,114.0,40.0,15.0,8.0,154.0,89.0,329.0
Casio,2007,3072.0,2560.0,7.0,38.0,114.0,40.0,10.0,8.0,156.0,95.0,199.0
Casio,2005,3072.0,2304.0,7.0,38.0,114.0,40.0,10.0,9.0,165.0,89.0,329.0
Casio,2007,3072.0,2560.0,7.0,38.0,114.0,40.0,10.0,11.0,128.0,95.0,199.0
Casio,2006,3072.0,2560.0,7.0,38.0,114.0,40.0,15.0,6.0,176.0,95.0,249.0
Casio,2006,3264.0,2816.0,8.0,38.0,114.0,40.0,10.0,8.0,185.0,89.0,249.0
Casio,2001,1280.0,640.0,1.0,35.0,35.0,60.0,10.0,8.0,320.0,101.0,249.0
Casio,2002,1600.0,800.0,1.0,35.0,35.0,60.0,10.0,8.0,320.0,101.0,249.0
Casio,1999,1600.0,800.0,1.0,36.0,108.0,50.0,20.0,8.0,320.0,130.0,249.0
Casio,2001,1600.0,800.0,1.0,41.0,41.0,80.0,20.0,16.0,260.0,108.0,249.0
Casio,2000,1600.0,800.0,1.0,41.0,123.0,10.0,1.0,8.0,245.0,67.0,249.0
Casio,2001,1600.0,800.0,1.0,41.0,123.0,10.0,1.0,8.0,245.0,67.0,249.0
Casio,2000,1600.0,800.0,1.0,40.0,320.0,40.0,1.0,8.0,295.0,81.0,249.0
Casio,2001,1600.0,800.0,1.0,40.0,320.0,40.0,1.0,8.0,295.0,81.0,249.0
Casio,2000,2048.0,1024.0,3.0,41.0,41.0,50.0,10.0,16.0,245.0,115.0,249.0
Casio,1996,640.0,320.0,0.0,47.0,106.0,60.0,9.0,4.0,290.0,162.0,249.0
Casio,2000,2048.0,1024.0,3.0,33.0,100.0,30.0,6.0,16.0,360.0,134.0,249.0
Casio,2001,2048.0,1024.0,3.0,33.0,100.0,30.0,6.0,16.0,360.0,134.0,249.0
Casio,2001,2240.0,1600.0,3.0,34.0,102.0,30.0,6.0,16.0,420.0,118.0,249.0
Casio,1998,1280.0,640.0,1.0,35.0,35.0,30.0,10.0,8.0,320.0,147.0,249.0
Casio,1999,1280.0,640.0,1.0,36.0,36.0,30.0,10.0,8.0,320.0,131.0,249.0
Casio,2002,2560.0,1600.0,4.0,34.0,102.0,30.0,6.0,16.0,420.0,118.0,249.0
Casio,1997,640.0,0.0,0.0,38.0,38.0,70.0,14.0,4.0,290.0,147.0,249.0
Casio,1998,1280.0,640.0,1.0,32.0,64.0,23.0,10.0,8.0,320.0,141.0,249.0
Casio,1998,640.0,0.0,0.0,38.0,38.0,70.0,14.0,4.0,300.0,129.0,249.0
Casio,1999,1280.0,640.0,1.0,40.0,320.0,40.0,1.0,8.0,320.0,141.0,249.0
Casio,2002,2048.0,1600.0,3.0,38.0,113.0,40.0,14.0,11.0,240.0,90.0,249.0
Casio,2002,2304.0,2240.0,4.0,38.0,113.0,40.0,14.0,11.0,240.0,90.0,249.0
Casio,2003,2304.0,2240.0,4.0,39.0,117.0,60.0,10.0,11.0,210.0,88.0,249.0
Casio,2004,2304.0,2240.0,3.0,39.0,117.0,60.0,10.0,9.0,198.0,88.0,249.0
Casio,2004,2560.0,2048.0,4.0,39.0,117.0,60.0,10.0,9.0,210.0,88.0,249.0
Casio,2004,2816.0,2048.0,6.0,39.0,117.0,70.0,10.0,9.0,218.0,88.0,249.0
Casio,2004,2816.0,2048.0,6.0,39.0,117.0,70.0,10.0,9.0,218.0,88.0,249.0
Contax,2002,2560.0,1600.0,4.0,35.0,105.0,60.0,15.0,0.0,260.0,112.0,549.0
Epson,1999,1600.0,640.0,1.0,38.0,38.0,50.0,15.0,8.0,280.0,113.0,229.0
Epson,1999,1600.0,640.0,1.0,35.0,105.0,0.0,0.0,0.0,280.0,113.0,229.0
Epson,2004,2560.0,1600.0,4.0,34.0,102.0,50.0,5.0,16.0,200.0,92.0,159.0
Epson,2000,2048.0,640.0,3.0,34.0,102.0,50.0,5.0,16.0,360.0,107.0,399.0
Epson,2001,2048.0,1600.0,3.0,34.0,102.0,50.0,5.0,16.0,360.0,107.0,399.0
Epson,1997,640.0,320.0,0.0,43.0,43.0,60.0,20.0,2.0,320.0,142.0,229.0
Epson,1997,640.0,320.0,0.0,43.0,43.0,60.0,10.0,1.0,170.0,107.0,229.0
Epson,1997,1024.0,640.0,0.0,36.0,36.0,50.0,20.0,4.0,270.0,143.0,229.0
Epson,1999,1152.0,640.0,0.0,39.0,39.0,60.0,15.0,8.0,400.0,135.0,229.0
Epson,1998,1280.0,640.0,1.0,35.0,35.0,50.0,10.0,4.0,400.0,135.0,229.0
Epson,1998,1280.0,640.0,1.0,34.0,102.0,80.0,20.0,8.0,400.0,135.0,229.0
Epson,2003,2048.0,1600.0,3.0,34.0,102.0,50.0,11.0,16.0,285.0,105.0,399.0
Epson,2003,2304.0,1600.0,4.0,34.0,102.0,50.0,11.0,16.0,285.0,105.0,129.0
Epson,2004,2304.0,1600.0,4.0,34.0,102.0,50.0,11.0,16.0,203.0,92.0,129.0
Fujifilm,2000,2400.0,1280.0,2.0,36.0,36.0,50.0,6.0,64.0,200.0,85.5,169.0
Fujifilm,2001,2400.0,1600.0,2.0,36.0,36.0,50.0,6.0,64.0,200.0,85.5,169.0
Fujifilm,1999,1280.0,640.0,1.0,35.0,105.0,90.0,25.0,4.0,700.0,100.0,169.0
Fujifilm,1997,1280.0,640.0,1.0,35.0,105.0,20.0,20.0,0.0,700.0,153.0,169.0
Fujifilm,2000,1280.0,640.0,1.0,38.0,38.0,80.0,8.0,8.0,240.0,110.0,169.0
Fujifilm,2001,1600.0,1280.0,1.0,36.0,36.0,80.0,8.0,8.0,240.0,110.0,169.0
Fujifilm,2000,1600.0,1280.0,1.0,38.0,114.0,80.0,10.0,8.0,290.0,125.0,169.0
Fujifilm,2001,1600.0,1280.0,1.0,38.0,114.0,80.0,10.0,16.0,260.0,99.0,169.0
Fujifilm,2002,1600.0,1280.0,1.0,38.0,114.0,80.0,8.0,16.0,235.0,100.0,169.0
Fujifilm,2001,1600.0,1280.0,1.0,38.0,228.0,80.0,10.0,16.0,360.0,95.0,169.0
Fujifilm,2001,1600.0,1280.0,1.0,38.0,38.0,60.0,8.0,16.0,200.0,85.0,199.0
Fujifilm,2002,2048.0,1600.0,3.0,38.0,228.0,80.0,10.0,16.0,400.0,100.0,399.0
Fujifilm,2001,2400.0,1600.0,2.0,36.0,108.0,60.0,20.0,16.0,280.0,80.0,169.0
Fujifilm,2000,2400.0,1600.0,2.0,35.0,210.0,50.0,10.0,16.0,450.0,110.0,169.0
Fujifilm,2001,2832.0,2048.0,3.0,36.0,108.0,60.0,20.0,16.0,280.0,80.0,169.0
Fujifilm,2001,2832.0,2048.0,3.0,35.0,210.0,50.0,10.0,16.0,450.0,110.0,169.0
Fujifilm,2001,1280.0,640.0,1.0,36.0,36.0,80.0,8.0,8.0,190.0,99.0,169.0
Fujifilm,2004,2016.0,1600.0,3.0,38.0,38.0,80.0,9.0,16.0,170.0,102.0,169.0
Fujifilm,2002,1600.0,1280.0,1.0,36.0,36.0,80.0,8.0,16.0,180.0,99.0,169.0
Fujifilm,2001,1600.0,1280.0,1.0,36.0,36.0,80.0,8.0,16.0,190.0,99.0,169.0
Fujifilm,2002,1600.0,1280.0,1.0,38.0,114.0,60.0,10.0,16.0,180.0,97.0,169.0
Fujifilm,2003,1600.0,1280.0,1.0,36.0,108.0,80.0,10.0,16.0,225.0,99.0,169.0
Fujifilm,2003,2048.0,1600.0,3.0,36.0,108.0,80.0,10.0,16.0,225.0,99.0,169.0
Fujifilm,2002,2048.0,1600.0,3.0,38.0,114.0,60.0,10.0,16.0,180.0,97.0,169.0
Fujifilm,2003,2816.0,2048.0,3.0,38.0,114.0,60.0,10.0,16.0,190.0,97.0,169.0
Fujifilm,2004,2016.0,1600.0,3.0,38.0,114.0,60.0,10.0,16.0,160.0,104.0,169.0
Fujifilm,2004,2272.0,1600.0,4.0,38.0,114.0,60.0,10.0,16.0,160.0,104.0,169.0
Fujifilm,2005,2304.0,2048.0,4.0,35.0,105.0,60.0,6.0,16.0,192.0,90.0,169.0
Fujifilm,2005,2592.0,2048.0,5.0,35.0,105.0,60.0,6.0,16.0,192.0,90.0,169.0
Fujifilm,2006,2303.0,1600.0,4.0,38.0,114.0,60.0,10.0,12.0,170.0,93.0,169.0
Fujifilm,2006,2592.0,2048.0,5.0,38.0,114.0,60.0,10.0,12.0,170.0,93.0,169.0
Fujifilm,2006,2848.0,2048.0,6.0,36.0,108.0,50.0,10.0,12.0,195.0,93.0,169.0
Fujifilm,2007,2848.0,2048.0,6.0,39.0,117.0,60.0,10.0,10.0,195.0,98.0,169.0
Fujifilm,2007,3296.0,2304.0,8.0,36.0,108.0,50.0,10.0,10.0,200.0,98.0,169.0
Fujifilm,2007,3296.0,2304.0,8.0,39.0,156.0,60.0,10.0,10.0,205.0,98.0,169.0
Fujifilm,2007,3488.0,2048.0,9.0,39.0,156.0,60.0,10.0,10.0,205.0,98.0,169.0
Fujifilm,2007,3488.0,2592.0,9.0,39.0,156.0,60.0,10.0,10.0,206.0,98.0,169.0
Fujifilm,2004,2304.0,1600.0,4.0,28.0,91.0,60.0,6.0,16.0,226.0,101.0,169.0
Fujifilm,2004,2592.0,2048.0,5.0,28.0,91.0,60.0,2.0,16.0,226.0,101.0,169.0
Fujifilm,2004,4048.0,2048.0,6.0,32.0,130.0,60.0,7.0,16.0,260.0,105.0,169.0
Fujifilm,2005,3488.0,2592.0,9.0,32.0,128.0,60.0,7.0,16.0,260.0,102.0,169.0
Fujifilm,2005,2848.0,2048.0,6.0,36.0,108.0,60.0,8.0,16.0,190.0,92.0,179.0
Fujifilm,2005,2848.0,2048.0,6.0,36.0,108.0,60.0,5.0,16.0,190.0,92.0,199.0
Fujifilm,2006,2848.0,2048.0,6.0,36.0,108.0,60.0,5.0,10.0,190.0,94.0,169.0
Fujifilm,2006,2848.0,2048.0,6.0,36.0,108.0,60.0,5.0,10.0,185.0,93.0,169.0
Fujifilm,2006,2848.0,2048.0,6.0,36.0,108.0,60.0,5.0,26.0,185.0,93.0,199.0
Fujifilm,2002,2304.0,1600.0,2.0,38.0,114.0,60.0,10.0,16.0,200.0,85.0,169.0
Fujifilm,2002,2304.0,1600.0,2.0,39.0,39.0,50.0,6.0,16.0,145.0,77.0,199.0
Fujifilm,2007,3296.0,2304.0,8.0,36.0,108.0,45.0,7.0,25.0,181.0,96.0,199.0
Fujifilm,2003,2816.0,2048.0,3.0,38.0,114.0,60.0,10.0,16.0,205.0,85.0,169.0
Fujifilm,2003,2816.0,2048.0,3.0,36.0,108.0,60.0,8.0,16.0,180.0,77.0,169.0
Fujifilm,2004,2304.0,1600.0,3.0,38.0,130.0,60.0,9.0,16.0,180.0,75.0,169.0
Fujifilm,2004,2592.0,2048.0,5.0,38.0,130.0,60.0,9.0,16.0,180.0,75.0,199.0
Fujifilm,2004,2592.0,2048.0,5.0,38.0,130.0,60.0,9.0,16.0,180.0,93.0,199.0
Fujifilm,2006,2816.0,2048.0,6.0,35.0,105.0,70.0,10.0,16.0,150.0,92.0,169.0
Fujifilm,2007,3264.0,2304.0,8.0,28.0,112.0,40.0,5.0,12.0,170.0,96.0,169.0
Fujifilm,2007,4000.0,2848.0,12.0,35.0,105.0,45.0,7.0,25.0,205.0,93.0,199.0
Fujifilm,2002,2832.0,2048.0,3.0,36.0,108.0,60.0,20.0,16.0,280.0,72.0,169.0
Fujifilm,2003,4048.0,2848.0,6.0,35.0,105.0,60.0,9.0,16.0,205.0,72.0,169.0
Fujifilm,2006,2816.0,2048.0,6.0,36.0,180.0,60.0,3.0,32.0,200.0,105.0,169.0
Fujifilm,2003,2832.0,2048.0,3.0,35.0,105.0,60.0,9.0,16.0,205.0,108.0,169.0
Fujifilm,2004,2832.0,2048.0,3.0,32.0,130.0,60.0,8.0,16.0,225.0,110.0,169.0
Fujifilm,2004,4048.0,2848.0,6.0,32.0,130.0,60.0,7.0,16.0,250.0,110.0,169.0
Fujifilm,2007,3488.0,2592.0,9.0,28.0,300.0,0.0,0.0,0.0,750.0,128.0,169.0
Fujifilm,2002,2832.0,2048.0,3.0,38.0,76.0,60.0,20.0,16.0,280.0,65.0,169.0
Fujifilm,2004,2832.0,2016.0,6.0,35.0,210.0,50.0,1.0,16.0,597.0,121.0,1699.0
Fujifilm,2003,2048.0,1600.0,3.0,38.0,228.0,80.0,10.0,16.0,400.0,100.0,229.0
Fujifilm,2004,2272.0,1600.0,4.0,39.0,234.0,80.0,10.0,16.0,385.0,100.0,229.0
Fujifilm,2003,2816.0,2048.0,3.0,37.0,370.0,90.0,10.0,16.0,430.0,113.0,229.0
Fujifilm,2004,2272.0,1600.0,4.0,37.0,370.0,90.0,10.0,16.0,387.0,113.0,229.0
Fujifilm,2005,2592.0,2048.0,5.0,38.0,380.0,90.0,1.0,16.0,470.0,114.0,229.0
Fujifilm,2007,3072.0,2304.0,7.0,38.0,380.0,30.0,10.0,27.0,406.0,106.0,229.0
Fujifilm,2006,2848.0,2048.0,6.0,28.0,300.0,40.0,10.0,10.0,700.0,131.0,399.0
Fujifilm,2002,2832.0,2048.0,3.0,35.0,210.0,50.0,1.0,16.0,590.0,121.0,399.0
Fujifilm,2002,2832.0,2048.0,3.0,35.0,210.0,50.0,1.0,340.0,590.0,121.0,1699.0
Fujifilm,2003,4048.0,2848.0,6.0,35.0,210.0,50.0,1.0,16.0,590.0,121.0,229.0
Fujifilm,2005,3488.0,2592.0,9.0,28.0,300.0,50.0,1.0,16.0,745.0,128.0,229.0
Fujifilm,2006,3488.0,2592.0,9.0,28.0,300.0,0.0,0.0,0.0,750.0,128.0,229.0
Fujifilm,2006,2592.0,2048.0,5.0,36.0,130.0,60.0,9.0,16.0,185.0,83.0,179.0
Fujifilm,2005,2592.0,2048.0,5.0,36.0,108.0,60.0,8.0,16.0,170.0,90.0,179.0
Fujifilm,2007,3072.0,2304.0,7.0,38.0,114.0,60.0,8.0,54.0,160.0,91.0,399.0
Fujifilm,2005,2592.0,2048.0,5.0,36.0,108.0,60.0,8.0,16.0,170.0,90.0,179.0
Fujifilm,2006,2592.0,2048.0,5.0,36.0,108.0,60.0,8.0,10.0,170.0,89.0,179.0
Fujifilm,1999,1280.0,640.0,1.0,38.0,38.0,70.0,10.0,4.0,240.0,110.0,169.0
Fujifilm,2000,1280.0,640.0,1.0,38.0,114.0,80.0,10.0,4.0,390.0,74.0,169.0
Fujifilm,1999,1280.0,640.0,1.0,38.0,38.0,50.0,10.0,4.0,250.0,104.0,169.0
Fujifilm,1999,1280.0,640.0,1.0,38.0,114.0,80.0,20.0,8.0,270.0,79.0,169.0
Fujifilm,1999,1800.0,1280.0,2.0,35.0,35.0,50.0,9.0,4.0,260.0,80.0,169.0
Fujifilm,1999,1800.0,1280.0,2.0,35.0,105.0,90.0,25.0,8.0,385.0,130.0,179.0
Fujifilm,2000,2400.0,1280.0,2.0,36.0,108.0,80.0,20.0,16.0,280.0,78.0,169.0
Fujifilm,1998,1280.0,640.0,1.0,35.0,35.0,50.0,9.0,2.0,220.0,123.0,169.0
Fujifilm,1999,1280.0,640.0,1.0,38.0,115.0,90.0,25.0,4.0,220.0,122.0,179.0
Fujifilm,1998,1280.0,640.0,1.0,35.0,35.0,50.0,9.0,2.0,260.0,80.0,169.0
HP,2002,1632.0,640.0,2.0,38.0,38.0,75.0,0.0,8.0,240.0,113.0,179.0
HP,2003,2048.0,640.0,3.0,36.0,36.0,85.0,85.0,16.0,190.0,117.0,179.0
HP,2002,1632.0,640.0,2.0,36.0,102.0,20.0,20.0,8.0,280.0,120.0,179.0
HP,2003,1636.0,640.0,2.0,38.0,114.0,80.0,10.0,16.0,240.0,240.0,179.0
HP,2001,2048.0,640.0,3.0,34.0,102.0,60.0,20.0,16.0,320.0,127.0,179.0
HP,2002,2048.0,640.0,3.0,34.0,102.0,20.0,20.0,16.0,340.0,118.0,179.0
HP,2003,2080.0,0.0,3.0,38.0,114.0,0.0,0.0,16.0,290.0,105.0,179.0
HP,2002,2272.0,1136.0,3.0,37.0,111.0,50.0,14.0,0.0,245.0,95.0,179.0
HP,2002,2272.0,1136.0,3.0,37.0,300.0,50.0,10.0,0.0,489.0,114.0,179.0
HP,2003,2608.0,1296.0,5.0,37.0,111.0,50.0,14.0,32.0,260.0,97.0,179.0
HP,2003,2608.0,1296.0,5.0,37.0,300.0,50.0,10.0,32.0,500.0,123.0,179.0
HP,1998,1152.0,576.0,1.0,39.0,39.0,60.0,20.0,4.0,300.0,127.0,179.0
HP,1999,1152.0,640.0,1.0,35.0,35.0,60.0,20.0,8.0,300.0,126.0,179.0
HP,2000,1280.0,640.0,1.0,43.0,43.0,60.0,10.0,4.0,290.0,124.0,179.0
HP,1998,1152.0,576.0,1.0,35.0,35.0,60.0,20.0,4.0,300.0,126.0,179.0
HP,2000,1600.0,640.0,1.0,38.0,38.0,30.0,30.0,8.0,280.0,128.0,179.0
HP,1999,1600.0,640.0,1.0,38.0,115.0,0.0,0.0,16.0,410.0,153.0,179.0
HP,2000,1600.0,800.0,1.0,34.0,108.0,50.0,10.0,16.0,630.0,144.0,179.0
HP,2000,1600.0,800.0,1.0,34.0,108.0,50.0,10.0,16.0,150.0,99.0,179.0
HP,2005,2560.0,2048.0,5.0,35.0,35.0,60.0,10.0,16.0,231.0,95.0,179.0
HP,2006,2560.0,2048.0,5.0,35.0,35.0,60.0,0.0,16.0,170.0,96.0,179.0
HP,2007,2576.0,0.0,5.0,36.0,36.0,100.0,0.0,16.0,170.0,96.0,179.0
HP,2005,2320.0,1600.0,4.0,36.0,36.0,0.0,0.0,16.0,172.0,109.0,179.0
HP,2005,2320.0,1600.0,4.0,36.0,36.0,0.0,10.0,16.0,172.0,109.0,179.0
HP,2004,2080.0,1280.0,3.0,40.0,111.0,80.0,10.0,16.0,177.0,107.0,179.0
HP,2004,2320.0,1280.0,4.0,40.0,111.0,50.0,10.0,16.0,190.0,95.0,179.0
HP,2005,2576.0,2048.0,5.0,36.0,108.0,50.0,12.0,16.0,181.0,96.0,179.0
HP,2006,2576.0,2080.0,5.0,38.0,114.0,50.0,12.0,32.0,172.0,109.0,179.0
HP,2007,2576.0,0.0,5.0,38.0,114.0,50.0,10.0,16.0,190.0,95.0,179.0
HP,2005,2576.0,2048.0,5.0,36.0,108.0,80.0,12.0,16.0,190.0,97.0,179.0
HP,2006,2800.0,2288.0,6.0,38.0,114.0,50.0,12.0,16.0,192.0,96.0,179.0
HP,2006,2800.0,2288.0,6.0,38.0,114.0,50.0,12.0,16.0,227.0,99.0,179.0
HP,2007,2848.0,0.0,6.0,38.0,114.0,50.0,0.0,32.0,157.0,90.0,179.0
HP,2007,3264.0,0.0,8.0,35.0,210.0,0.0,14.0,32.0,157.0,90.0,179.0
HP,2004,2320.0,1280.0,4.0,35.0,105.0,50.0,6.0,32.0,205.0,96.0,179.0
HP,2004,2320.0,1280.0,4.0,35.0,105.0,50.0,14.0,32.0,205.0,96.0,179.0
HP,2004,2608.0,1296.0,5.0,39.0,117.0,50.0,14.0,32.0,150.0,93.0,179.0
HP,2005,2864.0,2592.0,6.0,39.0,117.0,50.0,10.0,32.0,150.0,93.0,179.0
HP,2006,2864.0,2592.0,6.0,39.0,118.0,50.0,10.0,32.0,136.0,94.0,179.0
HP,2006,2864.0,2592.0,6.0,39.0,118.0,50.0,5.0,32.0,190.0,91.0,179.0
HP,2007,3096.0,0.0,7.0,36.0,108.0,50.0,3.0,32.0,190.0,91.0,179.0
HP,2005,2592.0,2048.0,5.0,36.0,180.0,20.0,3.0,32.0,205.0,100.0,179.0
HP,2005,2592.0,2048.0,5.0,36.0,180.0,20.0,1.0,32.0,200.0,96.0,179.0
HP,2007,3112.0,0.0,7.0,39.0,118.0,50.0,12.0,32.0,227.0,105.0,179.0
HP,2006,3296.0,2592.0,8.0,35.0,105.0,50.0,10.0,32.0,227.0,105.0,179.0
HP,2007,3298.0,0.0,8.0,39.0,118.0,50.0,10.0,32.0,227.0,105.0,179.0
JVC,2001,2032.0,1024.0,3.0,37.0,86.0,50.0,2.0,8.0,320.0,111.0,14.0
JVC,2001,2032.0,1024.0,3.0,37.0,86.0,50.0,2.0,16.0,320.0,111.0,14.0
Kodak,2005,2096.0,0.0,3.0,37.0,37.0,80.0,0.0,16.0,198.0,104.0,129.0
Kodak,2005,2336.0,2313.0,4.0,35.0,35.0,85.0,85.0,16.0,154.0,103.0,129.0
Kodak,2005,2336.0,2304.0,4.0,34.0,102.0,60.0,13.0,16.0,180.0,91.0,129.0
Kodak,2005,2576.0,0.0,5.0,34.0,102.0,60.0,13.0,16.0,198.0,92.0,129.0
Kodak,2005,2690.0,2569.0,5.0,34.0,102.0,60.0,7.0,32.0,170.0,84.0,129.0
Kodak,2006,2304.0,2048.0,4.0,36.0,108.0,60.0,10.0,16.0,180.0,91.0,126.0
Kodak,2007,2572.0,2048.0,5.0,36.0,108.0,60.0,13.0,16.0,188.0,91.0,126.0
Kodak,2006,2576.0,2048.0,5.0,37.0,111.0,60.0,10.0,16.0,200.0,91.0,126.0
Kodak,2007,2848.0,2048.0,6.0,36.0,108.0,60.0,13.0,16.0,187.0,91.0,126.0
Kodak,2006,2848.0,2304.0,6.0,36.0,108.0,60.0,13.0,22.0,195.0,92.0,126.0
Kodak,2007,2848.0,2304.0,6.0,36.0,108.0,60.0,10.0,22.0,195.0,89.0,126.0
Kodak,2006,2832.0,2304.0,6.0,34.0,102.0,60.0,5.0,32.0,190.0,85.0,126.0
Kodak,2006,3072.0,2304.0,7.0,37.0,111.0,60.0,13.0,32.0,195.0,92.0,126.0
Kodak,2007,3072.0,2592.0,7.0,35.0,105.0,60.0,5.0,32.0,180.0,90.0,126.0
Kodak,2006,3264.0,2560.0,8.0,37.0,185.0,60.0,10.0,32.0,225.0,91.0,126.0
Kodak,2002,1632.0,0.0,2.0,37.0,37.0,75.0,20.0,16.0,250.0,109.0,129.0
Kodak,2002,1632.0,0.0,2.0,36.0,108.0,50.0,10.0,16.0,280.0,115.0,129.0
Kodak,2002,2080.0,0.0,3.0,38.0,76.0,30.0,15.0,16.0,250.0,109.0,126.0
Kodak,2003,1632.0,0.0,2.0,37.0,37.0,50.0,50.0,8.0,195.0,104.0,129.0
Kodak,2003,1632.0,0.0,2.0,36.0,108.0,50.0,50.0,16.0,225.0,104.0,129.0
Kodak,2003,2032.0,0.0,3.0,37.0,111.0,60.0,60.0,16.0,225.0,103.0,126.0
Kodak,2004,2096.0,0.0,3.0,37.0,37.0,80.0,0.0,16.0,162.0,104.0,126.0
Kodak,2004,2032.0,0.0,3.0,37.0,111.0,60.0,13.0,16.0,225.0,103.0,126.0
Kodak,2004,2408.0,0.0,4.0,34.0,102.0,60.0,10.0,16.0,198.0,103.0,126.0
Kodak,2004,2560.0,0.0,4.0,34.0,102.0,60.0,10.0,32.0,240.0,103.0,126.0
Kodak,1998,1152.0,640.0,0.0,39.0,39.0,70.0,0.0,4.0,400.0,131.0,129.0
Kodak,1999,1152.0,640.0,0.0,39.0,39.0,70.0,0.0,4.0,400.0,131.0,129.0
Kodak,1998,1152.0,640.0,0.0,29.0,58.0,50.0,20.0,8.0,400.0,131.0,129.0
Kodak,1999,1152.0,640.0,0.0,29.0,58.0,50.0,20.0,4.0,320.0,115.0,129.0
Kodak,1998,1152.0,640.0,0.0,29.0,58.0,50.0,20.0,8.0,550.0,118.0,129.0
Kodak,1999,1280.0,640.0,1.0,39.0,117.0,50.0,25.0,8.0,420.0,133.0,129.0
Kodak,1998,1536.0,768.0,1.0,38.0,115.0,30.0,0.0,8.0,550.0,118.0,129.0
Kodak,1999,1536.0,768.0,1.0,38.0,115.0,30.0,0.0,16.0,550.0,118.0,129.0
Kodak,1999,1760.0,896.0,2.0,30.0,60.0,50.0,25.0,20.0,420.0,133.0,129.0
Kodak,1999,1792.0,1440.0,2.0,38.0,115.0,30.0,0.0,20.0,550.0,118.0,129.0
Kodak,2000,1152.0,576.0,0.0,39.0,39.0,60.0,0.0,2.0,240.0,113.0,129.0
Kodak,2000,1760.0,896.0,2.0,38.0,76.0,50.0,25.0,20.0,420.0,133.0,129.0
Kodak,2000,1760.0,896.0,2.0,33.0,33.0,50.0,20.0,0.0,200.0,95.0,129.0
Kodak,2000,2160.0,1800.0,3.0,28.0,84.0,50.0,20.0,16.0,320.0,120.0,129.0
Kodak,2000,1760.0,896.0,2.0,30.0,60.0,50.0,20.0,16.0,459.0,140.0,126.0
Kodak,2001,1280.0,0.0,1.0,30.0,60.0,75.0,22.0,8.0,260.0,121.0,129.0
Kodak,2001,1800.0,900.0,2.0,38.0,38.0,75.0,22.0,8.0,225.0,120.0,129.0
Kodak,2001,1800.0,900.0,2.0,35.0,70.0,50.0,28.0,8.0,250.0,120.0,129.0
Kodak,2001,2160.0,0.0,3.0,37.0,37.0,50.0,15.0,8.0,250.0,150.0,129.0
Kodak,2001,2160.0,1800.0,3.0,35.0,70.0,50.0,7.0,8.0,260.0,116.0,129.0
Kodak,2002,2160.0,1800.0,3.0,38.0,114.0,60.0,7.0,16.0,260.0,111.0,126.0
Kodak,2003,2580.0,0.0,5.0,38.0,114.0,60.0,7.0,32.0,210.0,111.0,126.0
Kodak,2002,2448.0,2160.0,4.0,35.0,70.0,50.0,7.0,16.0,260.0,116.0,129.0
Kodak,2003,2032.0,0.0,3.0,36.0,144.0,50.0,10.0,16.0,280.0,109.0,126.0
Kodak,2003,2304.0,0.0,4.0,33.0,132.0,50.0,10.0,16.0,270.0,109.0,129.0
Kodak,2003,2304.0,0.0,4.0,38.0,380.0,60.0,12.0,16.0,380.0,100.0,129.0
Kodak,2004,2304.0,2048.0,4.0,33.0,132.0,50.0,10.0,32.0,270.0,100.0,129.0
Kodak,2004,2576.0,2576.0,5.0,38.0,380.0,60.0,12.0,32.0,400.0,97.0,126.0
Kodak,2004,2872.0,0.0,6.0,39.0,117.0,60.0,7.0,32.0,270.0,100.0,126.0
Kodak,2005,2304.0,0.0,4.0,36.0,100.0,60.0,10.0,256.0,275.0,103.0,296.0
Kodak,2002,1752.0,876.0,2.0,38.0,38.0,80.0,0.0,8.0,160.0,109.0,129.0
Kodak,2002,2448.0,2160.0,4.0,35.0,105.0,70.0,13.0,16.0,260.0,109.0,129.0
Kodak,2003,2041.0,0.0,3.0,37.0,111.0,60.0,13.0,16.0,260.0,114.0,126.0
Kodak,2004,2304.0,0.0,4.0,36.0,100.0,60.0,12.0,16.0,220.0,108.0,126.0
Kodak,2004,2569.0,0.0,5.0,36.0,108.0,60.0,12.0,32.0,220.0,108.0,126.0
Kodak,2004,2592.0,2288.0,5.0,36.0,108.0,70.0,5.0,16.0,210.0,95.0,126.0
Kodak,2007,3056.0,2592.0,7.0,37.0,111.0,40.0,7.0,16.0,165.0,93.0,126.0
Kodak,2007,3296.0,2592.0,8.0,37.0,111.0,40.0,7.0,16.0,165.0,93.0,146.0
Kodak,2007,3264.0,2592.0,8.0,38.0,114.0,70.0,10.0,32.0,160.0,92.0,146.0
Kodak,2007,3280.0,0.0,8.0,38.0,114.0,70.0,10.0,64.0,166.0,92.0,146.0
Kodak,2001,640.0,0.0,0.0,37.0,37.0,70.0,0.0,16.0,198.0,105.0,129.0
Kodak,2005,3264.0,2560.0,8.0,24.0,140.0,10.0,5.0,32.0,570.0,116.0,146.0
Kodak,2007,3648.0,2560.0,10.0,36.0,108.0,60.0,5.0,24.0,185.0,103.0,129.0
Kodak,2005,2569.0,2576.0,5.0,36.0,108.0,60.0,7.0,16.0,150.0,92.0,126.0
Kodak,2005,2569.0,2576.0,5.0,36.0,108.0,60.0,7.0,32.0,160.0,94.0,126.0
Kodak,2006,2569.0,2576.0,5.0,39.0,117.0,0.0,0.0,32.0,175.0,101.0,129.0
Kodak,2006,2832.0,2304.0,6.0,38.0,380.0,0.0,0.0,32.0,195.0,111.0,129.0
Kodak,2006,3072.0,2576.0,7.0,23.0,117.0,60.0,5.0,32.0,165.0,101.0,126.0
Kodak,2007,3264.0,2560.0,8.0,36.0,108.0,60.0,5.0,24.0,185.0,103.0,146.0
Kodak,2007,4000.0,2832.0,12.0,35.0,175.0,60.0,10.0,64.0,211.0,90.0,129.0
Kodak,2006,2848.0,2304.0,6.0,38.0,380.0,60.0,12.0,32.0,320.0,98.0,126.0
Kodak,2005,2304.0,0.0,4.0,35.0,175.0,60.0,10.0,16.0,270.0,97.0,126.0
Kodak,2006,3072.0,2592.0,7.0,38.0,380.0,60.0,12.0,32.0,360.0,98.0,126.0
Kodak,2005,2576.0,2304.0,5.0,33.0,132.0,50.0,10.0,32.0,270.0,100.0,126.0
Kodak,2005,2576.0,2304.0,5.0,38.0,380.0,60.0,12.0,32.0,330.0,98.0,126.0
Kodak,2005,2576.0,2576.0,5.0,38.0,380.0,60.0,12.0,32.0,400.0,97.0,126.0
Kodak,2005,2872.0,2856.0,6.0,39.0,117.0,60.0,7.0,32.0,259.0,100.0,126.0
Kodak,2007,3264.0,2592.0,8.0,36.0,180.0,60.0,7.0,32.0,211.0,90.0,146.0
Kyocera,2000,2048.0,1024.0,3.0,38.0,76.0,60.0,10.0,8.0,240.0,38.0,169.0
Kyocera,2003,2048.0,1024.0,3.0,38.0,115.0,60.0,20.0,16.0,220.0,111.0,169.0
Kyocera,2003,2048.0,1600.0,3.0,38.0,115.0,60.0,20.0,16.0,220.0,112.0,169.0
Kyocera,2003,2304.0,1600.0,4.0,35.0,105.0,60.0,20.0,16.0,220.0,112.0,199.0
Kyocera,2004,2272.0,1600.0,4.0,37.0,370.0,60.0,10.0,0.0,340.0,107.0,169.0
Kyocera,2004,2272.0,1600.0,4.0,37.0,370.0,60.0,10.0,0.0,340.0,107.0,179.0
Kyocera,2001,2048.0,1024.0,3.0,38.0,76.0,30.0,6.0,16.0,160.0,30.0,1699.0
Kyocera,2002,2048.0,1600.0,3.0,35.0,105.0,55.0,12.0,16.0,205.0,92.0,1699.0
Kyocera,2003,2048.0,1600.0,3.0,35.0,105.0,60.0,17.0,16.0,205.0,92.0,1699.0
Kyocera,2002,2048.0,1024.0,3.0,35.0,105.0,55.0,12.0,16.0,175.0,32.0,1699.0
Kyocera,2002,2272.0,1280.0,3.0,35.0,105.0,55.0,12.0,16.0,175.0,32.0,1699.0
Kyocera,2002,2560.0,1600.0,5.0,35.0,105.0,55.0,12.0,16.0,205.0,92.0,1699.0
Kyocera,2003,2560.0,1600.0,5.0,35.0,105.0,60.0,17.0,16.0,205.0,92.0,1699.0
Kyocera,2003,2048.0,1600.0,3.0,35.0,115.0,60.0,20.0,16.0,175.0,100.0,229.0
Kyocera,2004,2272.0,1600.0,3.0,35.0,115.0,60.0,20.0,16.0,155.0,100.0,229.0
Leica,2006,2816.0,2048.0,6.0,28.0,102.0,50.0,5.0,16.0,155.0,94.0,509.0
Leica,1998,1280.0,640.0,1.0,35.0,35.0,50.0,9.0,2.0,260.0,80.0,149.0
Leica,2002,2240.0,1600.0,3.0,33.0,100.0,30.0,6.0,32.0,455.0,127.0,249.0
Leica,2003,2560.0,2048.0,4.0,28.0,90.0,30.0,30.0,64.0,705.0,135.0,249.0
Leica,2000,2400.0,1280.0,2.0,36.0,108.0,80.0,20.0,16.0,280.0,78.0,149.0
Leica,2000,1280.0,640.0,1.0,38.0,114.0,80.0,20.0,8.0,270.0,79.0,249.0
Leica,2005,3840.0,3072.0,8.0,28.0,112.0,50.0,5.0,32.0,220.0,106.0,509.0
Leica,2006,4224.0,3840.0,10.0,28.0,112.0,50.0,5.0,13.0,220.0,106.0,509.0
Nikon,1997,512.0,320.0,0.0,52.0,52.0,23.0,14.0,1.0,200.0,60.0,229.0
Nikon,2002,1632.0,1024.0,1.0,38.0,114.0,0.0,0.0,8.0,295.0,108.0,229.0
Nikon,2003,1600.0,1024.0,1.0,36.0,108.0,30.0,4.0,8.0,215.0,88.0,99.0
Nikon,2004,1600.0,1024.0,1.0,36.0,108.0,30.0,4.0,14.0,190.0,88.0,229.0
Nikon,2002,1600.0,1280.0,1.0,37.0,111.0,30.0,4.0,8.0,250.0,114.0,229.0
Nikon,1997,640.0,0.0,0.0,45.0,45.0,23.0,14.0,4.0,250.0,78.0,229.0
Nikon,2003,2048.0,1600.0,3.0,38.0,115.0,30.0,4.0,16.0,215.0,88.0,99.0
Nikon,2004,2048.0,1600.0,3.0,38.0,115.0,30.0,4.0,14.0,190.0,88.0,229.0
Nikon,2002,2048.0,1600.0,3.0,37.0,111.0,30.0,4.0,8.0,250.0,114.0,229.0
Nikon,2003,2048.0,1600.0,3.0,35.0,105.0,30.0,3.0,16.0,162.0,95.5,229.0
Nikon,2004,2288.0,1600.0,3.0,35.0,105.0,0.0,0.0,14.0,190.0,88.0,99.0
Nikon,2004,2272.0,2048.0,3.0,38.0,114.0,30.0,4.0,12.0,180.0,88.0,229.0
Nikon,2002,2272.0,2048.0,3.0,38.0,114.0,30.0,4.0,16.0,286.0,95.0,229.0
Nikon,2002,2272.0,1280.0,3.0,38.0,155.0,30.0,2.0,16.0,374.0,130.0,229.0
Nikon,2005,2288.0,1600.0,3.0,34.0,102.0,30.0,4.0,14.0,180.0,85.0,229.0
Nikon,2004,2288.0,1600.0,4.0,36.0,300.0,40.0,1.0,13.0,295.0,106.0,229.0
Nikon,2001,2560.0,1600.0,4.0,28.0,85.0,50.0,2.0,32.0,414.0,102.0,229.0
Nikon,2004,2592.0,2048.0,5.0,38.0,114.0,30.0,4.0,12.0,180.0,88.0,229.0
Nikon,2003,2592.0,1600.0,5.0,28.0,116.0,50.0,1.0,16.0,400.0,108.0,229.0
Nikon,2005,2592.0,2048.0,5.0,34.0,102.0,30.0,4.0,14.0,180.0,85.0,229.0
Nikon,2002,2560.0,1600.0,4.0,35.0,280.0,50.0,3.0,32.0,512.0,108.0,229.0
Nikon,2005,2592.0,2048.0,5.0,38.0,114.0,30.0,4.0,13.0,185.0,88.0,229.0
Nikon,1998,1024.0,512.0,0.0,36.0,36.0,50.0,14.0,8.0,220.0,110.0,229.0
Nikon,1999,1600.0,640.0,1.0,35.0,35.0,30.0,9.0,8.0,340.0,114.0,229.0
Nikon,2005,3072.0,2592.0,7.0,38.0,114.0,30.0,4.0,14.0,195.0,85.0,229.0
Nikon,2001,1600.0,1024.0,1.0,38.0,115.0,30.0,4.0,8.0,230.0,87.0,159.0
Nikon,2005,3072.0,2592.0,7.0,38.0,114.0,30.0,4.0,13.0,185.0,88.0,229.0
Nikon,1999,1600.0,640.0,1.0,38.0,76.0,30.0,7.0,8.0,360.0,119.0,229.0
Nikon,2004,3264.0,2592.0,8.0,24.0,85.0,50.0,3.0,0.0,470.0,113.0,229.0
Nikon,2004,3264.0,2592.0,8.0,35.0,280.0,50.0,3.0,0.0,512.0,113.0,229.0
Nikon,2000,2048.0,1024.0,3.0,38.0,95.0,40.0,4.0,8.0,320.0,99.5,229.0
Nikon,2004,3264.0,2592.0,8.0,35.0,350.0,50.0,3.0,0.0,680.0,116.0,229.0
Nikon,2001,2048.0,1024.0,3.0,38.0,114.0,40.0,4.0,16.0,286.0,95.0,159.0
Nikon,1998,1280.0,640.0,1.0,38.0,115.0,50.0,20.0,4.0,420.0,157.0,229.0
Nikon,1998,1280.0,640.0,1.0,38.0,115.0,50.0,20.0,8.0,420.0,157.0,229.0
Nikon,1999,1600.0,1024.0,1.0,38.0,115.0,30.0,2.0,8.0,480.0,143.0,229.0
Nikon,2000,2048.0,1024.0,3.0,38.0,115.0,30.0,2.0,16.0,450.0,143.0,229.0
Nikon,2001,2048.0,1600.0,3.0,38.0,152.0,30.0,2.0,16.0,420.0,138.0,159.0
Nikon,2005,2816.0,2048.0,6.0,38.0,190.0,50.0,4.0,10.0,195.0,90.0,99.0
Nikon,2007,2560.0,2048.0,4.0,37.0,112.0,40.0,15.0,7.0,165.0,90.0,99.0
Nikon,2007,2816.0,2048.0,6.0,37.0,112.0,40.0,15.0,7.0,175.0,90.0,99.0
Nikon,2007,3072.0,2592.0,7.0,35.0,105.0,50.0,15.0,21.0,175.0,91.0,99.0
Nikon,2007,3072.0,2048.0,7.0,38.0,114.0,60.0,10.0,23.0,225.0,91.0,129.0
Nikon,2007,3264.0,2592.0,8.0,35.0,105.0,50.0,15.0,32.0,225.0,91.0,159.0
Nikon,2006,2816.0,2048.0,6.0,38.0,116.0,30.0,10.0,23.0,170.0,91.0,99.0
Nikon,2006,2592.0,2048.0,5.0,38.0,116.0,30.0,10.0,23.0,170.0,91.0,99.0
Nikon,2006,2272.0,1600.0,3.0,38.0,114.0,30.0,4.0,10.0,165.0,87.0,99.0
Nikon,2006,3072.0,2592.0,7.0,38.0,190.0,50.0,4.0,8.0,210.0,97.0,99.0
Nikon,2006,2816.0,2048.0,6.0,38.0,116.0,30.0,10.0,23.0,175.0,91.0,99.0
Nikon,2005,3264.0,2592.0,8.0,35.0,126.0,50.0,4.0,32.0,185.0,91.0,99.0
Nikon,2005,2592.0,2048.0,5.0,35.0,126.0,50.0,4.0,16.0,185.0,91.0,229.0
Nikon,2006,3264.0,2592.0,8.0,36.0,126.0,30.0,4.0,23.0,200.0,92.0,229.0
Nikon,2006,3264.0,2592.0,8.0,36.0,126.0,30.0,4.0,23.0,200.0,92.0,229.0
Nikon,2007,3264.0,3200.0,8.0,28.0,102.0,50.0,5.0,52.0,210.0,95.0,229.0
Nikon,2007,3648.0,2592.0,10.0,36.0,126.0,30.0,4.0,26.0,240.0,98.0,399.0
Nikon,2007,4000.0,3264.0,12.0,35.0,123.0,30.0,4.0,52.0,250.0,98.0,399.0
Nikon,2005,2592.0,2048.0,5.0,35.0,105.0,30.0,4.0,12.0,170.0,90.0,99.0
Nikon,2006,2816.0,2048.0,6.0,38.0,380.0,30.0,4.0,16.0,280.0,113.0,99.0
Nikon,2005,2592.0,2048.0,5.0,35.0,105.0,30.0,4.0,12.0,160.0,92.0,199.0
Nikon,2007,3072.0,2592.0,7.0,38.0,114.0,60.0,10.0,20.0,165.0,92.0,229.0
Nikon,2005,2816.0,2048.0,6.0,35.0,105.0,30.0,4.0,12.0,132.0,90.0,199.0
Nikon,2005,2816.0,2048.0,6.0,38.0,380.0,30.0,6.0,13.0,225.0,112.0,199.0
Nikon,2006,2816.0,2048.0,6.0,35.0,105.0,30.0,4.0,21.0,165.0,93.0,229.0
Nikon,2007,3072.0,2592.0,7.0,38.0,114.0,30.0,4.0,13.0,165.0,88.0,229.0
Nikon,2007,3072.0,2592.0,7.0,35.0,105.0,50.0,15.0,26.0,165.0,88.0,229.0
Nikon,2007,3072.0,2592.0,7.0,38.0,114.0,30.0,4.0,13.0,165.0,88.0,329.0
Nikon,2007,3264.0,2592.0,7.0,38.0,114.0,30.0,4.0,13.0,175.0,93.0,279.0
Nikon,2007,3264.0,3200.0,8.0,35.0,105.0,50.0,15.0,52.0,125.0,88.0,399.0
Nikon,2007,3264.0,2592.0,7.0,38.0,114.0,30.0,4.0,13.0,175.0,98.0,329.0
Nikon,2006,2816.0,2048.0,6.0,35.0,105.0,30.0,4.0,20.0,170.0,101.0,199.0
Nikon,2006,3072.0,2592.0,7.0,35.0,105.0,30.0,4.0,14.0,170.0,101.0,199.0
Nikon,2006,2816.0,2048.0,6.0,38.0,114.0,25.0,4.0,24.0,165.0,91.0,199.0
Nikon,2003,2016.0,1600.0,3.0,37.0,111.0,30.0,4.0,16.0,216.0,83.0,199.0
Olympus,2001,1280.0,640.0,1.0,35.0,35.0,50.0,10.0,8.0,190.0,110.0,1699.0
Olympus,2001,1280.0,1024.0,1.0,35.0,35.0,60.0,25.0,1.0,190.0,123.0,1699.0
Olympus,2002,1600.0,1024.0,1.0,35.0,35.0,60.0,25.0,8.0,250.0,123.0,1699.0
Olympus,2001,1280.0,640.0,1.0,38.0,114.0,50.0,20.0,8.0,190.0,110.0,1699.0
Olympus,2001,1600.0,1024.0,1.0,36.0,36.0,50.0,10.0,16.0,220.0,110.0,1699.0
Olympus,1999,1600.0,1024.0,1.0,35.0,105.0,80.0,20.0,8.0,380.0,108.0,129.0
Olympus,2001,1600.0,1024.0,1.0,35.0,105.0,80.0,20.0,8.0,250.0,118.0,129.0
Olympus,1999,1600.0,1024.0,1.0,35.0,105.0,80.0,20.0,8.0,380.0,108.0,129.0
Olympus,2000,1600.0,1024.0,1.0,40.0,120.0,80.0,20.0,8.0,380.0,108.0,129.0
Olympus,1999,1600.0,1024.0,1.0,38.0,38.0,60.0,15.0,8.0,190.0,107.0,1699.0
Olympus,2000,1600.0,1280.0,1.0,38.0,380.0,60.0,10.0,8.0,540.0,113.0,129.0
Olympus,1999,1712.0,1280.0,2.0,36.0,110.0,80.0,2.0,32.0,530.0,109.0,129.0
Olympus,2000,2048.0,1600.0,3.0,32.0,96.0,80.0,20.0,8.0,380.0,109.0,1699.0
Olympus,2002,1984.0,1600.0,3.0,36.0,100.0,80.0,20.0,16.0,300.0,118.0,1699.0
Olympus,2001,2048.0,1600.0,3.0,32.0,96.0,80.0,20.0,8.0,380.0,109.0,1699.0
Olympus,2000,2048.0,1600.0,3.0,32.0,96.0,80.0,20.0,16.0,380.0,109.0,1699.0
Olympus,2000,2048.0,1600.0,3.0,35.0,105.0,80.0,20.0,16.0,420.0,109.0,1699.0
Olympus,2002,2288.0,2048.0,3.0,32.0,96.0,80.0,2.0,16.0,400.0,110.0,129.0
Olympus,2001,2272.0,2048.0,3.0,35.0,105.0,80.0,20.0,16.0,420.0,110.0,129.0
Olympus,2001,2272.0,2048.0,3.0,35.0,98.0,80.0,10.0,16.0,270.0,87.0,1699.0
Olympus,2003,2560.0,2272.0,4.0,38.0,114.0,50.0,4.0,32.0,280.0,105.0,449.0
Olympus,2002,2560.0,2288.0,4.0,35.0,105.0,80.0,20.0,32.0,480.0,114.0,449.0
Olympus,2003,2592.0,2288.0,5.0,27.0,110.0,80.0,3.0,32.0,480.0,116.0,449.0
Olympus,2002,2560.0,2048.0,4.0,38.0,114.0,50.0,20.0,32.0,230.0,100.0,449.0
Olympus,2005,2592.0,2288.0,5.0,38.0,190.0,60.0,8.0,16.0,340.0,110.0,129.0
Olympus,2004,2816.0,2560.0,5.0,38.0,114.0,40.0,4.0,32.0,230.0,99.0,449.0
Olympus,2004,3072.0,2592.0,7.0,38.0,190.0,60.0,2.0,32.0,280.0,102.0,129.0
Olympus,2001,1600.0,1280.0,1.0,38.0,380.0,60.0,10.0,8.0,340.0,108.0,449.0
Olympus,2005,3072.0,2592.0,7.0,27.0,110.0,80.0,3.0,32.0,480.0,116.0,129.0
Olympus,2002,1984.0,1600.0,3.0,40.0,320.0,60.0,10.0,16.0,340.0,108.0,449.0
Olympus,2002,2048.0,1600.0,3.0,38.0,380.0,60.0,10.0,16.0,400.0,108.0,449.0
Olympus,2003,2048.0,1600.0,3.0,38.0,380.0,60.0,3.0,16.0,340.0,108.0,449.0
Olympus,2003,2288.0,2048.0,3.0,38.0,380.0,60.0,3.0,16.0,340.0,108.0,449.0
Olympus,2004,2288.0,2048.0,3.0,38.0,380.0,60.0,7.0,16.0,310.0,105.0,449.0
Olympus,2004,2288.0,2048.0,3.0,38.0,380.0,60.0,7.0,32.0,310.0,105.0,449.0
Olympus,2004,3264.0,2592.0,8.0,28.0,140.0,80.0,5.0,32.0,724.0,124.0,179.0
Olympus,1996,640.0,320.0,0.0,36.0,36.0,75.0,20.0,2.0,320.0,145.0,129.0
Olympus,1996,1024.0,512.0,0.0,36.0,36.0,50.0,20.0,6.0,320.0,145.0,1699.0
Olympus,1998,1280.0,640.0,1.0,36.0,36.0,70.0,10.0,4.0,320.0,128.0,1699.0
Olympus,1999,1280.0,640.0,1.0,36.0,36.0,70.0,10.0,8.0,320.0,128.0,1699.0
Olympus,2000,1280.0,640.0,1.0,36.0,36.0,50.0,10.0,8.0,280.0,128.0,1699.0
Olympus,2003,1600.0,1024.0,1.0,35.0,35.0,50.0,20.0,16.0,230.0,108.0,1699.0
Olympus,2004,2048.0,1024.0,3.0,33.0,33.0,50.0,20.0,16.0,210.0,110.0,1699.0
Olympus,1998,1280.0,640.0,1.0,35.0,105.0,80.0,20.0,8.0,320.0,127.0,129.0
Olympus,2005,2288.0,1600.0,3.0,37.0,37.0,50.0,20.0,14.0,170.0,101.0,1699.0
Olympus,2005,2592.0,1600.0,5.0,36.0,35.0,50.0,20.0,0.0,140.0,101.0,1699.0
Olympus,1999,1280.0,640.0,1.0,35.0,105.0,80.0,20.0,8.0,320.0,127.0,129.0
Olympus,2000,1280.0,640.0,1.0,35.0,105.0,80.0,20.0,8.0,320.0,127.0,449.0
Olympus,2000,1600.0,640.0,1.0,35.0,105.0,80.0,20.0,8.0,320.0,127.0,129.0
Olympus,1997,1024.0,640.0,0.0,50.0,150.0,60.0,30.0,2.0,490.0,115.0,449.0
Olympus,2002,1600.0,1024.0,1.0,35.0,105.0,50.0,20.0,8.0,220.0,112.0,449.0
Olympus,2004,2048.0,1600.0,3.0,38.0,114.0,50.0,2.0,12.0,190.0,88.0,449.0
Olympus,2004,2048.0,1600.0,3.0,38.0,114.0,50.0,2.0,16.0,200.0,100.0,449.0
Olympus,2005,2288.0,1600.0,3.0,38.0,114.0,50.0,2.0,14.0,190.0,106.0,449.0
Olympus,2003,2048.0,1024.0,3.0,35.0,105.0,50.0,20.0,16.0,220.0,108.0,449.0
Olympus,2004,2288.0,1600.0,3.0,35.0,105.0,50.0,7.0,16.0,210.0,108.0,179.0
Olympus,2005,2560.0,1600.0,4.0,38.0,114.0,50.0,2.0,14.0,190.0,105.0,449.0
Olympus,1997,1280.0,640.0,1.0,36.0,110.0,60.0,30.0,4.0,190.0,115.0,1699.0
Olympus,1998,1280.0,640.0,1.0,36.0,110.0,60.0,30.0,8.0,520.0,115.0,1699.0
Olympus,2005,2560.0,1600.0,4.0,35.0,105.0,60.0,10.0,14.0,175.0,94.0,129.0
Olympus,2000,2240.0,1600.0,3.0,35.0,140.0,60.0,20.0,0.0,1190.0,129.0,1699.0
Olympus,2000,1368.0,1280.0,1.0,38.0,380.0,60.0,10.0,16.0,603.0,108.0,129.0
Olympus,2001,2560.0,1792.0,4.0,35.0,140.0,60.0,20.0,16.0,1190.0,129.0,1699.0
Olympus,2005,2272.0,1600.0,4.0,35.0,106.0,50.0,5.0,28.0,160.0,88.0,129.0
Olympus,2005,2560.0,1600.0,5.0,35.0,106.0,50.0,5.0,28.0,160.0,88.0,129.0
Olympus,2006,2560.0,1600.0,5.0,38.0,106.0,50.0,2.0,28.0,160.0,88.0,129.0
Olympus,2005,2816.0,1600.0,6.0,38.0,114.0,50.0,5.0,14.0,160.0,106.0,129.0
Olympus,2006,2592.0,2048.0,5.0,38.0,114.0,10.0,5.0,22.0,160.0,96.0,129.0
Olympus,2006,2816.0,2048.0,6.0,38.0,114.0,10.0,5.0,22.0,160.0,96.0,129.0
Olympus,2006,2560.0,2048.0,5.0,32.0,96.0,50.0,6.0,9.0,175.0,90.0,129.0
Olympus,2006,2816.0,2048.0,6.0,38.0,114.0,0.0,0.0,10.0,175.0,90.0,129.0
Olympus,2006,2816.0,2048.0,6.0,38.0,114.0,0.0,0.0,10.0,170.0,88.0,179.0
Olympus,2006,2816.0,2048.0,6.0,38.0,114.0,0.0,0.0,22.0,150.0,91.0,129.0
Olympus,2006,2816.0,2048.0,6.0,28.0,140.0,0.0,0.0,24.0,195.0,98.0,129.0
Olympus,2007,3072.0,2048.0,7.0,38.0,114.0,60.0,10.0,9.0,175.0,90.0,129.0
Olympus,2007,3072.0,2048.0,7.0,38.0,114.0,60.0,10.0,20.0,145.0,91.0,129.0
Olympus,2007,3072.0,2048.0,7.0,38.0,190.0,70.0,10.0,20.0,145.0,91.0,129.0
Olympus,2007,3264.0,2048.0,8.0,38.0,105.0,60.0,10.0,20.0,155.0,94.0,129.0
Olympus,2007,3072.0,2048.0,7.0,38.0,114.0,60.0,5.0,6.0,122.0,90.0,129.0
Olympus,2007,3264.0,2048.0,8.0,36.0,108.0,60.0,5.0,48.0,108.0,92.0,179.0
Olympus,2007,3072.0,2048.0,7.0,28.0,112.0,40.0,5.0,6.0,142.0,98.0,129.0
Olympus,2007,4000.0,2048.0,12.0,35.0,105.0,60.0,10.0,48.0,115.0,94.0,129.0
Olympus,2005,2560.0,2048.0,4.0,38.0,114.0,50.0,5.0,15.0,160.0,99.0,129.0
Olympus,2003,2048.0,1600.0,3.0,35.0,105.0,50.0,20.0,16.0,220.0,99.0,229.0
Olympus,2003,2272.0,2048.0,3.0,35.0,105.0,50.0,20.0,16.0,220.0,99.0,229.0
Olympus,2005,3072.0,2592.0,7.0,38.0,114.0,20.0,5.0,32.0,230.0,100.0,449.0
Olympus,2006,3072.0,2592.0,7.0,38.0,114.0,20.0,2.0,25.0,230.0,100.0,449.0
Olympus,2005,3264.0,2592.0,8.0,38.0,114.0,20.0,5.0,32.0,245.0,100.0,449.0
Olympus,2005,2816.0,2592.0,6.0,38.0,380.0,60.0,3.0,10.0,385.0,106.0,449.0
Olympus,2006,3072.0,2560.0,7.0,38.0,380.0,60.0,3.0,0.0,410.0,106.0,449.0
Olympus,2005,2816.0,2288.0,6.0,38.0,114.0,30.0,10.0,11.0,180.0,98.0,449.0
Olympus,2006,3648.0,2560.0,10.0,35.0,105.0,60.0,10.0,0.0,195.0,97.0,229.0
Olympus,2007,4000.0,3264.0,12.0,35.0,105.0,60.0,10.0,47.0,125.0,98.0,249.0
Olympus,2004,2272.0,2048.0,3.0,35.0,105.0,50.0,20.0,16.0,200.0,99.0,229.0
Olympus,2004,2560.0,2048.0,4.0,35.0,105.0,50.0,7.0,32.0,200.0,99.0,229.0
Olympus,2005,2816.0,2560.0,6.0,35.0,105.0,50.0,7.0,8.0,195.0,97.0,229.0
Olympus,2006,3072.0,2560.0,7.0,37.0,111.0,60.0,8.0,19.0,140.0,95.0,229.0
Olympus,2006,3072.0,2560.0,7.0,37.0,111.0,60.0,8.0,19.0,190.0,95.0,299.0
Olympus,2006,3072.0,2560.0,7.0,38.0,114.0,60.0,2.0,19.0,190.0,91.0,299.0
Olympus,2006,3072.0,2560.0,7.0,38.0,114.0,50.0,7.0,22.0,190.0,96.0,229.0
Olympus,2006,3072.0,2560.0,7.0,36.0,180.0,70.0,3.0,17.0,160.0,96.0,229.0
Olympus,2006,3072.0,2560.0,7.0,36.0,180.0,70.0,3.0,17.0,170.0,96.0,229.0
Olympus,2007,3072.0,2560.0,7.0,37.0,111.0,60.0,8.0,18.0,160.0,99.0,229.0
Olympus,2007,3072.0,2560.0,7.0,38.0,114.0,50.0,7.0,18.0,195.0,92.0,299.0
Olympus,2007,3072.0,2560.0,7.0,36.0,180.0,70.0,3.0,18.0,195.0,100.0,299.0
Olympus,2007,3072.0,2560.0,7.0,38.0,114.0,50.0,7.0,14.0,155.0,92.0,299.0
Olympus,2005,3264.0,2560.0,8.0,38.0,114.0,50.0,3.0,19.0,200.0,103.0,249.0
Olympus,2006,3264.0,2560.0,8.0,35.0,105.0,60.0,10.0,28.0,185.0,97.0,249.0
Olympus,2007,3264.0,2560.0,8.0,36.0,180.0,70.0,3.0,47.0,125.0,96.0,249.0
Olympus,2007,3248.0,2560.0,8.0,36.0,180.0,70.0,3.0,14.0,125.0,100.0,249.0
Olympus,2004,2272.0,2048.0,3.0,35.0,70.0,50.0,8.0,16.0,165.0,95.0,229.0
Olympus,2005,2560.0,2048.0,4.0,35.0,70.0,50.0,8.0,16.0,165.0,95.0,299.0
Panasonic,2001,1600.0,800.0,1.0,35.0,70.0,50.0,10.0,8.0,200.0,104.0,1499.0
Panasonic,2006,2816.0,2048.0,6.0,28.0,102.0,50.0,5.0,16.0,155.0,94.0,1499.0
Panasonic,2006,3072.0,2560.0,7.0,28.0,102.0,50.0,5.0,0.0,170.0,94.0,1499.0
Panasonic,2003,2048.0,1600.0,3.0,35.0,105.0,50.0,10.0,16.0,185.0,94.0,1499.0
Panasonic,2007,2816.0,2048.0,6.0,35.0,105.0,50.0,5.0,27.0,155.0,94.0,1499.0
Panasonic,2007,4000.0,3264.0,12.0,28.0,100.0,50.0,5.0,27.0,150.0,54.0,1499.0
Panasonic,2007,3072.0,2560.0,7.0,35.0,105.0,50.0,5.0,27.0,155.0,94.0,1499.0
Panasonic,2004,2304.0,1600.0,4.0,35.0,105.0,50.0,5.0,16.0,148.0,94.0,1499.0
Panasonic,2006,2816.0,2048.0,6.0,35.0,105.0,50.0,5.0,13.0,165.0,94.0,299.0
Panasonic,2007,3072.0,2560.0,7.0,28.0,100.0,50.0,5.0,27.0,162.0,95.0,299.0
Panasonic,2007,3264.0,2560.0,8.0,28.0,100.0,50.0,5.0,27.0,154.0,95.0,299.0
Panasonic,2003,2304.0,1600.0,4.0,35.0,105.0,50.0,10.0,16.0,185.0,95.0,1499.0
Panasonic,2006,3072.0,2560.0,7.0,28.0,102.0,50.0,5.0,0.0,190.0,98.0,1499.0
Panasonic,2007,3264.0,2560.0,8.0,28.0,100.0,50.0,5.0,27.0,165.0,95.0,1499.0
Panasonic,2004,2560.0,2048.0,4.0,35.0,105.0,50.0,5.0,16.0,153.0,94.0,1499.0
Panasonic,2005,2560.0,2560.0,5.0,35.0,105.0,50.0,5.0,16.0,155.0,94.0,1499.0
Panasonic,2005,2816.0,2048.0,6.0,35.0,105.0,50.0,5.0,16.0,155.0,94.0,1499.0
Panasonic,2004,2560.0,2048.0,4.0,28.0,90.0,30.0,30.0,16.0,705.0,135.0,1499.0
Panasonic,2002,1600.0,1024.0,1.0,35.0,105.0,50.0,15.0,8.0,290.0,99.0,1499.0
Panasonic,2003,2048.0,1600.0,3.0,35.0,105.0,50.0,10.0,32.0,215.0,96.0,1499.0
Panasonic,2002,2240.0,1600.0,3.0,33.0,100.0,30.0,6.0,16.0,420.0,104.0,1499.0
Panasonic,2003,2304.0,1600.0,4.0,35.0,105.0,50.0,10.0,32.0,215.0,96.0,1499.0
Panasonic,2001,2240.0,1600.0,3.0,33.0,100.0,30.0,6.0,32.0,435.0,128.0,1499.0
Panasonic,2004,2048.0,1600.0,3.0,35.0,105.0,50.0,10.0,16.0,210.0,65.0,1499.0
Panasonic,2004,2304.0,1600.0,4.0,35.0,105.0,50.0,10.0,16.0,210.0,65.0,1499.0
Panasonic,2004,2560.0,2048.0,4.0,35.0,105.0,50.0,10.0,16.0,207.0,88.0,1499.0
Panasonic,2005,2304.0,1600.0,4.0,35.0,105.0,50.0,5.0,14.0,188.0,94.0,1499.0
Panasonic,2006,2560.0,2048.0,5.0,35.0,105.0,50.0,5.0,14.0,188.0,111.0,1499.0
Panasonic,2007,2816.0,2048.0,6.0,35.0,105.0,50.0,5.0,27.0,188.0,94.0,149.0
Panasonic,2007,3072.0,2560.0,7.0,35.0,105.0,50.0,5.0,27.0,188.0,94.0,1499.0
Panasonic,2005,3840.0,3072.0,8.0,28.0,112.0,50.0,5.0,32.0,220.0,106.0,1499.0
Panasonic,2006,4224.0,3840.0,10.0,28.0,112.0,50.0,5.0,13.0,220.0,106.0,1499.0
Panasonic,2005,2304.0,1600.0,4.0,37.0,222.0,50.0,5.0,14.0,224.0,101.0,149.0
Panasonic,2005,2560.0,2048.0,5.0,37.0,222.0,50.0,5.0,14.0,224.0,101.0,149.0
Panasonic,2006,2560.0,2048.0,5.0,37.0,222.0,50.0,5.0,14.0,230.0,100.0,149.0
Panasonic,2006,2816.0,2048.0,6.0,37.0,222.0,50.0,5.0,14.0,230.0,100.0,149.0
Panasonic,2007,3072.0,2560.0,7.0,37.0,222.0,50.0,5.0,27.0,230.0,99.0,149.0
Panasonic,2007,3072.0,2560.0,7.0,37.0,222.0,50.0,5.0,27.0,234.0,99.0,149.0
Panasonic,2006,2560.0,2048.0,4.0,35.0,350.0,40.0,5.0,13.0,250.0,112.0,299.0
Panasonic,2007,2816.0,2048.0,6.0,28.0,280.0,50.0,5.0,13.0,260.0,105.0,299.0
Panasonic,2007,3072.0,2560.0,7.0,28.0,280.0,50.0,5.0,13.0,280.0,105.0,299.0
Pentax,2001,1280.0,640.0,1.0,42.0,42.0,60.0,30.0,8.0,240.0,105.0,509.0
Pentax,2000,1600.0,800.0,1.0,34.0,108.0,50.0,10.0,16.0,390.0,128.0,509.0
Pentax,2000,1600.0,800.0,1.0,34.0,108.0,50.0,10.0,16.0,630.0,144.0,509.0
Pentax,2002,1600.0,1024.0,1.0,38.0,114.0,50.0,10.0,16.0,230.0,104.0,269.0
Pentax,2004,2048.0,1600.0,3.0,38.0,114.0,50.0,2.0,16.0,180.0,94.0,149.0
Pentax,2001,2048.0,1024.0,3.0,37.0,111.0,40.0,14.0,16.0,240.0,92.0,269.0
Pentax,2002,2048.0,1600.0,3.0,38.0,114.0,4.0,5.0,16.0,230.0,104.0,269.0
Pentax,2002,2048.0,1024.0,3.0,37.0,111.0,40.0,14.0,16.0,240.0,92.0,269.0
Pentax,2003,2048.0,1600.0,3.0,38.0,114.0,40.0,10.0,16.0,225.0,105.0,269.0
Pentax,2003,2048.0,1600.0,3.0,38.0,114.0,40.0,10.0,12.0,225.0,109.0,269.0
Pentax,2003,2048.0,1600.0,3.0,37.0,104.0,30.0,1.0,16.0,208.0,82.0,269.0
Pentax,2001,2240.0,1120.0,3.0,37.0,111.0,40.0,14.0,16.0,240.0,92.0,269.0
Pentax,2002,2240.0,1120.0,3.0,37.0,111.0,40.0,14.0,16.0,240.0,92.0,269.0
Pentax,2004,2288.0,1600.0,3.0,37.0,104.0,30.0,1.0,16.0,200.0,82.0,269.0
Pentax,2003,2288.0,1600.0,3.0,37.0,187.0,60.0,2.0,16.0,250.0,100.0,149.0
Pentax,2005,2560.0,2048.0,4.0,32.0,96.0,50.0,6.0,12.0,180.0,91.0,149.0
Pentax,2003,2592.0,2048.0,5.0,37.0,187.0,60.0,2.0,16.0,250.0,100.0,149.0
Pentax,2003,2592.0,2048.0,5.0,37.0,187.0,60.0,2.0,16.0,250.0,100.0,149.0
Pentax,2005,2848.0,2272.0,6.0,36.0,108.0,50.0,5.0,12.0,200.0,91.0,149.0
Pentax,2004,3056.0,2592.0,7.0,37.0,187.0,60.0,2.0,32.0,255.0,100.0,149.0
Pentax,2006,3264.0,2592.0,8.0,38.0,114.0,35.0,6.0,24.0,145.0,89.0,249.0
Pentax,2006,3648.0,3072.0,10.0,38.0,114.0,35.0,6.0,22.0,145.0,89.0,149.0
Pentax,2007,3648.0,3072.0,10.0,38.0,114.0,35.0,6.0,22.0,145.0,89.0,269.0
Pentax,2006,2816.0,2272.0,6.0,34.0,102.0,50.0,5.0,10.0,180.0,87.0,149.0
Pentax,2006,2816.0,2272.0,6.0,34.0,102.0,50.0,5.0,13.0,180.0,90.0,149.0
Pentax,2007,3072.0,2592.0,7.0,36.0,108.0,50.0,15.0,11.0,190.0,95.0,149.0
Pentax,2007,3264.0,2592.0,8.0,37.0,112.0,40.0,15.0,10.0,175.0,94.0,149.0
Pentax,2006,2816.0,2560.0,6.0,35.0,105.0,70.0,10.0,22.0,170.0,89.0,249.0
Pentax,2006,3072.0,2560.0,7.0,38.0,114.0,40.0,5.0,22.0,180.0,94.0,149.0
Pentax,2007,3072.0,2592.0,7.0,38.0,114.0,40.0,10.0,22.0,120.0,97.0,269.0
Pentax,2007,3264.0,2592.0,8.0,36.0,108.0,40.0,5.0,21.0,136.0,97.0,149.0
Pentax,2004,2304.0,1600.0,4.0,37.0,370.0,40.0,10.0,16.0,375.0,73.0,149.0
Pentax,2003,2048.0,1024.0,3.0,35.0,105.0,40.0,6.0,16.0,115.0,83.0,149.0
Pentax,2007,3648.0,3072.0,10.0,38.0,114.0,35.0,6.0,22.0,116.0,86.0,249.0
Pentax,2004,2048.0,1600.0,3.0,38.0,114.0,40.0,6.0,11.0,175.0,89.0,269.0
Pentax,2003,2304.0,1600.0,4.0,35.0,105.0,40.0,6.0,11.0,115.0,83.0,149.0
Pentax,2004,2304.0,1600.0,4.0,35.0,105.0,40.0,6.0,11.0,175.0,89.0,149.0
Pentax,2005,2304.0,1600.0,4.0,35.0,107.0,40.0,6.0,11.0,155.0,89.0,149.0
Pentax,2004,2304.0,1600.0,4.0,35.0,105.0,40.0,6.0,10.0,120.0,84.0,149.0
Pentax,2004,2560.0,2304.0,5.0,35.0,107.0,40.0,6.0,11.0,180.0,89.0,149.0
Pentax,2005,2560.0,2304.0,5.0,35.0,107.0,40.0,6.0,11.0,155.0,89.0,149.0
Pentax,2004,2560.0,2048.0,4.0,36.0,107.0,40.0,6.0,10.0,120.0,84.0,149.0
Pentax,2005,2560.0,2304.0,4.0,35.0,107.0,40.0,6.0,9.0,120.0,84.0,149.0
Pentax,2005,2560.0,2304.0,5.0,35.0,107.0,40.0,6.0,9.0,120.0,83.0,149.0
Pentax,2005,2816.0,2560.0,6.0,37.0,112.0,40.0,15.0,23.0,120.0,86.0,149.0
Pentax,2005,2816.0,2560.0,6.0,35.0,106.0,40.0,6.0,11.0,135.0,89.0,149.0
Pentax,2006,3072.0,2592.0,7.0,37.0,112.0,40.0,15.0,23.0,120.0,86.0,149.0
Pentax,2004,2560.0,2048.0,5.0,36.0,180.0,60.0,3.0,32.0,165.0,91.0,149.0
Pentax,2005,2560.0,2048.0,5.0,36.0,180.0,60.0,3.0,32.0,165.0,91.0,149.0
Pentax,2006,2816.0,2592.0,6.0,37.0,112.0,40.0,15.0,12.0,155.0,95.0,249.0
Pentax,2006,3072.0,2592.0,7.0,37.0,112.0,40.0,15.0,12.0,155.0,95.0,149.0
Pentax,2007,3072.0,2592.0,7.0,38.0,112.0,40.0,15.0,20.0,155.0,95.0,269.0
Pentax,2006,2816.0,2560.0,6.0,38.0,114.0,40.0,1.0,10.0,160.0,107.0,269.0
Pentax,2006,3072.0,2560.0,7.0,38.0,114.0,40.0,1.0,21.0,150.0,107.0,269.0
Pentax,2007,3072.0,2560.0,7.0,38.0,114.0,40.0,1.0,21.0,155.0,108.0,269.0
Pentax,2005,2560.0,2304.0,4.0,38.0,114.0,40.0,1.0,10.0,135.0,102.0,269.0
Pentax,2005,2816.0,2560.0,6.0,38.0,114.0,40.0,1.0,10.0,135.0,102.0,269.0
Pentax,2004,2560.0,2048.0,5.0,36.0,107.0,40.0,6.0,14.0,145.0,112.0,149.0
Pentax,2007,3264.0,2592.0,8.0,38.0,266.0,40.0,8.0,0.0,145.0,94.0,249.0
Ricoh,2006,3264.0,2592.0,8.0,28.0,85.0,30.0,1.0,26.0,450.0,133.0,229.0
Ricoh,2005,2560.0,2048.0,4.0,28.0,135.0,30.0,1.0,12.0,195.0,100.0,99.0
Ricoh,2005,2560.0,2048.0,4.0,28.0,135.0,30.0,1.0,28.0,195.0,100.0,99.0
Ricoh,2005,2560.0,2048.0,4.0,28.0,200.0,30.0,1.0,26.0,165.0,95.0,99.0
Ricoh,2006,2560.0,2048.0,4.0,28.0,160.0,30.0,1.0,28.0,180.0,95.0,99.0
Ricoh,2006,2816.0,2048.0,6.0,28.0,200.0,30.0,1.0,26.0,165.0,95.0,99.0
Ricoh,2006,2816.0,2048.0,6.0,28.0,160.0,30.0,1.0,26.0,165.0,95.0,199.0
Ricoh,2006,3072.0,2592.0,7.0,28.0,200.0,30.0,1.0,26.0,165.0,96.0,99.0
Ricoh,2007,3072.0,2592.0,7.0,28.0,200.0,30.0,1.0,54.0,165.0,100.0,99.0
Ricoh,2007,3264.0,3264.0,8.0,28.0,200.0,30.0,1.0,24.0,135.0,100.0,99.0
Ricoh,2005,2560.0,2048.0,4.0,32.0,96.0,30.0,1.0,12.0,190.0,91.0,399.0
Ricoh,2006,2816.0,2048.0,6.0,36.0,108.0,50.0,6.0,12.0,200.0,91.0,399.0
Ricoh,2003,2048.0,1280.0,3.0,35.0,105.0,30.0,1.0,8.0,230.0,124.0,99.0
Ricoh,2007,3648.0,3264.0,10.0,24.0,72.0,30.0,1.0,26.0,260.0,112.0,399.0
Ricoh,2005,3264.0,2592.0,8.0,28.0,85.0,30.0,1.0,26.0,260.0,114.0,99.0
Ricoh,2000,1792.0,1280.0,2.0,38.0,114.0,4.0,4.0,8.0,500.0,144.0,399.0
Ricoh,1998,1280.0,640.0,1.0,35.0,105.0,40.0,8.0,4.0,320.0,135.0,149.0
Ricoh,1999,1792.0,896.0,2.0,38.0,86.0,40.0,4.0,8.0,340.0,131.0,149.0
Ricoh,1999,1792.0,896.0,2.0,38.0,114.0,40.0,4.0,8.0,380.0,131.0,177.0
Ricoh,2000,1600.0,800.0,1.0,40.0,40.0,30.0,13.0,8.0,300.0,110.0,149.0
Ricoh,2000,2048.0,1024.0,3.0,35.0,105.0,24.0,1.0,8.0,320.0,135.0,1699.0
Ricoh,2000,2048.0,1024.0,3.0,35.0,105.0,24.0,1.0,8.0,450.0,157.0,149.0
Ricoh,2001,2272.0,1120.0,3.0,35.0,105.0,24.0,1.0,8.0,340.0,135.0,99.0
Ricoh,2004,2048.0,1280.0,3.0,28.0,100.0,30.0,1.0,8.0,215.0,112.0,99.0
Samsung,2005,2592.0,2272.0,5.0,35.0,105.0,80.0,5.0,11.0,185.0,107.0,229.0
Samsung,2005,2592.0,2272.0,5.0,31.0,31.0,100.0,2.0,16.0,175.0,97.0,229.0
Samsung,2005,2592.0,2272.0,5.0,28.0,135.0,60.0,1.0,32.0,185.0,106.0,229.0
Samsung,2002,1280.0,640.0,1.0,43.0,43.0,80.0,40.0,8.0,250.0,106.0,299.0
Samsung,2002,1600.0,1024.0,1.0,33.0,100.0,80.0,20.0,0.0,250.0,106.0,229.0
Samsung,2004,1600.0,1024.0,1.0,35.0,76.0,80.0,15.0,6.0,210.0,107.0,229.0
Samsung,2004,2048.0,1600.0,3.0,35.0,33.0,10.0,19.0,16.0,137.0,98.0,299.0
Samsung,2002,2048.0,1024.0,3.0,34.0,102.0,80.0,20.0,0.0,320.0,114.0,229.0
Samsung,2004,2048.0,1620.0,3.0,35.0,114.0,80.0,5.0,0.0,157.0,108.0,229.0
Samsung,2004,2048.0,1600.0,4.0,35.0,33.0,10.0,19.0,16.0,137.0,98.0,299.0
Samsung,2002,2272.0,1600.0,3.0,34.0,102.0,80.0,20.0,0.0,340.0,116.0,229.0
Samsung,2004,2272.0,2048.0,3.0,35.0,114.0,80.0,5.0,32.0,210.0,107.0,229.0
Samsung,2004,2592.0,2048.0,5.0,38.0,114.0,80.0,6.0,32.0,195.0,110.0,229.0
Samsung,2003,2272.0,1120.0,3.0,38.0,114.0,80.0,6.0,0.0,210.0,106.0,229.0
Samsung,2005,2595.0,2272.0,5.0,39.0,117.0,50.0,5.0,50.0,155.0,90.0,229.0
Samsung,2006,2816.0,2592.0,6.0,39.0,117.0,50.0,1.0,45.0,155.0,96.0,229.0
Samsung,2007,3072.0,2592.0,7.0,38.0,114.0,80.0,5.0,450.0,210.0,101.0,119.0
Samsung,2007,3072.0,2592.0,7.0,38.0,114.0,80.0,5.0,20.0,180.0,90.0,199.0
Samsung,2007,3264.0,2592.0,8.0,36.0,108.0,80.0,5.0,173.0,180.0,95.0,149.0
Samsung,2007,3264.0,2592.0,8.0,38.0,114.0,80.0,5.0,19.0,160.0,93.0,229.0
Samsung,2007,3072.0,2592.0,7.0,35.0,105.0,80.0,5.0,20.0,170.0,97.0,199.0
Samsung,2007,3072.0,2592.0,7.0,35.0,105.0,80.0,5.0,19.0,180.0,98.0,119.0
Samsung,2007,3264.0,2592.0,7.0,38.0,114.0,80.0,10.0,16.0,183.0,95.0,99.0
Samsung,2007,3072.0,2592.0,7.0,28.0,101.0,80.0,5.0,450.0,210.0,105.0,119.0
Samsung,2007,3072.0,2592.0,7.0,38.0,266.0,80.0,10.0,0.0,210.0,94.0,119.0
Samsung,2007,3264.0,2592.0,8.0,38.0,114.0,80.0,5.0,10.0,183.0,95.0,99.0
Samsung,2006,3648.0,3136.0,10.0,35.0,105.0,80.0,4.0,20.0,190.0,97.0,229.0
Samsung,2007,3648.0,3136.0,10.0,35.0,190.0,80.0,1.0,0.0,240.0,107.0,229.0
Samsung,2007,3648.0,2592.0,10.0,34.0,102.0,80.0,4.0,20.0,240.0,97.0,229.0
Samsung,2007,4000.0,2592.0,12.0,34.0,102.0,80.0,4.0,20.0,240.0,97.0,229.0
Samsung,2006,3072.0,2816.0,7.0,38.0,114.0,80.0,1.0,15.0,155.0,95.0,229.0
Samsung,2006,3072.0,2688.0,7.0,38.0,270.0,80.0,1.0,19.0,290.0,106.0,229.0
Samsung,2007,3264.0,2592.0,8.0,34.0,102.0,80.0,4.0,20.0,290.0,97.0,229.0
Samsung,2007,3648.0,3476.0,10.0,35.0,105.0,80.0,4.0,45.0,220.0,100.0,199.0
Samsung,2007,3648.0,3476.0,10.0,38.0,190.0,80.0,1.0,45.0,254.0,105.0,199.0
Samsung,2007,2816.0,2048.0,6.0,35.0,105.0,80.0,5.0,16.0,186.0,100.0,99.0
Samsung,2007,3072.0,2592.0,7.0,35.0,105.0,80.0,5.0,16.0,186.0,100.0,99.0
Samsung,2007,3264.0,3072.0,8.0,35.0,105.0,80.0,4.0,45.0,220.0,100.0,99.0
Samsung,2007,3264.0,2592.0,8.0,38.0,190.0,80.0,1.0,20.0,204.0,100.0,149.0
Samsung,2007,3264.0,2592.0,8.0,38.0,190.0,80.0,1.0,20.0,222.0,104.0,149.0
Samsung,2003,2048.0,2048.0,3.0,35.0,114.0,80.0,5.0,0.0,134.0,102.0,229.0
Samsung,2004,2272.0,2048.0,4.0,35.0,105.0,80.0,5.0,0.0,169.0,102.0,229.0
Samsung,2004,2272.0,1136.0,3.0,35.0,35.0,60.0,6.0,0.0,165.0,97.0,229.0
Samsung,2004,2272.0,2048.0,3.0,35.0,113.0,80.0,5.0,0.0,230.0,106.0,229.0
Samsung,2004,2592.0,2272.0,5.0,38.0,114.0,80.0,5.0,0.0,180.0,106.0,229.0
Samsung,2004,2592.0,2272.0,5.0,35.0,113.0,80.0,5.0,256.0,230.0,106.0,229.0
Samsung,2004,2816.0,2560.0,6.0,38.0,114.0,80.0,6.0,0.0,220.0,106.0,229.0
Samsung,2005,3072.0,2816.0,7.0,38.0,114.0,80.0,4.0,128.0,220.0,106.0,229.0
Samsung,2005,3264.0,2816.0,8.0,38.0,114.0,80.0,4.0,32.0,220.0,106.0,229.0
Sanyo,2001,2288.0,1600.0,3.0,35.0,98.0,50.0,10.0,16.0,340.0,106.0,429.0
Sanyo,2003,2048.0,1600.0,3.0,37.0,104.0,20.0,2.0,8.0,205.0,98.0,429.0
Sanyo,2003,2048.0,1600.0,3.0,36.0,108.0,50.0,16.0,8.0,190.0,100.0,149.0
Sanyo,2004,2048.0,1600.0,3.0,37.0,112.0,50.0,2.0,16.0,185.0,91.0,1399.0
Sanyo,2004,2288.0,1600.0,3.0,37.0,105.0,50.0,2.0,16.0,185.0,91.0,1399.0
Sanyo,2001,1600.0,640.0,1.0,35.0,98.0,50.0,10.0,8.0,340.0,106.0,429.0
Sanyo,1999,1024.0,640.0,0.0,38.0,38.0,60.0,10.0,4.0,260.0,105.0,149.0
Sanyo,1999,1280.0,640.0,1.0,34.0,102.0,80.0,20.0,4.0,350.0,128.0,149.0
Sigma,2006,2640.0,1776.0,4.0,28.0,28.0,0.0,0.0,0.0,270.0,109.0,1599.0
Sony,2000,1600.0,1600.0,1.0,37.0,370.0,80.0,3.0,8.0,980.0,125.0,1399.0
Sony,2001,1600.0,1024.0,1.0,39.0,117.0,50.0,3.0,8.0,620.0,144.0,1399.0
Sony,2002,1600.0,1280.0,1.0,41.0,123.0,50.0,3.0,6.0,610.0,138.0,1399.0
Sony,2001,2048.0,1600.0,3.0,34.0,102.0,50.0,4.0,8.0,620.0,144.0,1399.0
Sony,2003,2048.0,1632.0,3.0,41.0,123.0,50.0,10.0,1.0,522.0,132.0,1399.0
Sony,2002,2272.0,1600.0,3.0,34.0,102.0,50.0,4.0,6.0,640.0,138.0,1399.0
Sony,2003,2592.0,2048.0,5.0,34.0,102.0,50.0,4.0,1.0,606.0,139.0,1399.0
Sony,1998,1344.0,640.0,1.0,28.0,140.0,20.0,0.0,8.0,900.0,130.0,149.0
Sony,1999,1344.0,640.0,1.0,28.0,140.0,20.0,0.0,8.0,900.0,130.0,149.0
Sony,1999,1600.0,1024.0,1.0,38.0,190.0,80.0,8.0,4.0,475.0,107.0,149.0
Sony,2000,1856.0,1600.0,2.0,38.0,190.0,50.0,2.0,8.0,482.0,107.0,149.0
Sony,1999,1600.0,640.0,1.0,37.0,37.0,50.0,10.0,4.0,300.0,103.0,429.0
Sony,2000,1856.0,1600.0,2.0,37.0,37.0,25.0,10.0,8.0,280.0,103.0,429.0
Sony,2001,2560.0,2048.0,4.0,38.0,190.0,50.0,2.0,16.0,667.0,162.0,149.0
Sony,2002,2560.0,2048.0,4.0,38.0,190.0,50.0,2.0,32.0,659.0,162.0,149.0
Sony,2003,3264.0,2592.0,8.0,28.0,200.0,50.0,2.0,0.0,906.0,134.0,429.0
Sony,2004,2592.0,2048.0,5.0,38.0,114.0,50.0,8.0,32.0,202.0,98.0,429.0
Sony,2007,2816.0,2048.0,6.0,38.0,114.0,50.0,8.0,2.0,238.0,93.0,429.0
Sony,2007,3264.0,3264.0,8.0,38.0,380.0,50.0,2.0,31.0,264.0,106.0,429.0
Sony,2004,2304.0,1280.0,4.0,32.0,96.0,12.0,12.0,16.0,152.0,95.0,429.0
Sony,2004,2592.0,2048.0,5.0,38.0,114.0,50.0,8.0,32.0,215.0,51.0,429.0
Sony,2005,2592.0,2048.0,5.0,38.0,114.0,50.0,1.0,32.0,240.0,51.0,399.0
Sony,2005,3264.0,2592.0,8.0,38.0,114.0,50.0,6.0,32.0,139.0,94.0,429.0
Sony,2006,3264.0,2592.0,10.0,38.0,114.0,50.0,6.0,32.0,139.0,94.0,399.0
Sony,2000,2048.0,1600.0,3.0,39.0,117.0,50.0,10.0,8.0,250.0,114.0,429.0
Sony,2003,2592.0,2048.0,5.0,38.0,114.0,50.0,10.0,32.0,206.0,105.0,149.0
Sony,2004,2592.0,2048.0,5.0,38.0,114.0,50.0,10.0,32.0,180.0,108.0,149.0
Sony,2004,3072.0,2592.0,7.0,38.0,114.0,50.0,6.0,32.0,180.0,108.0,149.0
Sony,2002,1600.0,1280.0,1.0,39.0,117.0,50.0,10.0,16.0,214.0,114.0,399.0
Sony,2001,1216.0,1024.0,1.0,42.0,42.0,60.0,3.0,4.0,230.0,123.0,399.0
Sony,2005,3072.0,2592.0,7.0,38.0,114.0,50.0,6.0,32.0,180.0,104.0,399.0
Sony,2001,1920.0,1600.0,2.0,36.0,36.0,25.0,10.0,8.0,194.0,113.0,429.0
Sony,2001,1280.0,1024.0,1.0,41.0,123.0,50.0,3.0,4.0,250.0,143.0,149.0
Sony,2002,1600.0,1280.0,1.0,33.0,33.0,10.0,10.0,8.0,231.0,106.0,429.0
Sony,2003,2048.0,1632.0,3.0,33.0,33.0,10.0,10.0,16.0,217.0,101.0,429.0
Sony,2004,2272.0,1600.0,3.0,33.0,33.0,10.0,10.0,16.0,180.0,106.0,429.0
Sony,2001,2048.0,1600.0,3.0,39.0,117.0,50.0,10.0,8.0,214.0,113.0,429.0
Sony,2001,1600.0,1024.0,1.0,41.0,123.0,50.0,3.0,4.0,250.0,143.0,149.0
Sony,2002,1600.0,1280.0,1.0,41.0,82.0,8.0,8.0,16.0,275.0,127.0,429.0
Sony,2003,2048.0,1632.0,3.0,41.0,82.0,8.0,8.0,16.0,280.0,123.0,429.0
Sony,2002,2048.0,1600.0,3.0,39.0,117.0,50.0,10.0,16.0,214.0,114.0,149.0
Sony,2002,2048.0,1600.0,3.0,39.0,117.0,50.0,10.0,16.0,284.0,125.0,149.0
Sony,2003,2048.0,1632.0,3.0,39.0,117.0,50.0,10.0,16.0,259.0,120.0,149.0
Sony,2004,2272.0,1600.0,3.0,39.0,117.0,50.0,10.0,16.0,243.0,116.0,149.0
Sony,2003,2048.0,1632.0,3.0,39.0,117.0,50.0,10.0,16.0,206.0,105.0,429.0
Sony,2002,2272.0,1600.0,3.0,39.0,117.0,50.0,10.0,16.0,206.0,113.0,429.0
Sony,2003,2592.0,2048.0,5.0,38.0,114.0,50.0,10.0,16.0,259.0,120.0,429.0
Sony,2004,2592.0,2048.0,5.0,38.0,114.0,50.0,10.0,32.0,236.0,117.0,429.0
Sony,2005,3888.0,3264.0,10.0,24.0,120.0,0.0,0.0,0.0,995.0,139.0,429.0
Sony,2000,1280.0,640.0,1.0,39.0,117.0,25.0,3.0,4.0,370.0,113.0,149.0
Sony,2005,2304.0,2048.0,4.0,32.0,96.0,0.0,0.0,32.0,184.0,99.0,149.0
Sony,2000,1600.0,1280.0,1.0,39.0,117.0,25.0,3.0,4.0,370.0,113.0,149.0
Sony,2005,2304.0,2048.0,4.0,39.0,117.0,50.0,10.0,32.0,249.0,97.0,149.0
Sony,2006,2816.0,2048.0,6.0,31.0,93.0,12.0,0.0,32.0,180.0,100.0,149.0
Sony,2007,3072.0,2592.0,7.0,35.0,105.0,35.0,5.0,24.0,178.0,91.0,149.0
Sony,2000,2048.0,1600.0,3.0,34.0,102.0,25.0,4.0,8.0,420.0,117.0,149.0
Sony,2007,3072.0,2592.0,7.0,35.0,105.0,35.0,5.0,24.0,178.0,91.0,149.0
Sony,2001,2048.0,1600.0,3.0,34.0,102.0,50.0,4.0,8.0,444.0,125.0,149.0
Sony,2007,3264.0,2592.0,8.0,37.0,222.0,50.0,2.0,54.0,245.0,93.0,149.0
Sony,2001,2272.0,1600.0,3.0,34.0,102.0,50.0,4.0,16.0,444.0,125.0,149.0
Sony,2005,2304.0,2048.0,4.0,39.0,117.0,50.0,10.0,32.0,253.0,97.0,149.0
Sony,2003,2592.0,2048.0,5.0,38.0,114.0,25.0,1.0,32.0,180.0,91.0,399.0
Sony,2006,3072.0,2592.0,7.0,38.0,114.0,50.0,1.0,56.0,168.0,90.0,399.0
Sony,2007,3264.0,2592.0,8.0,35.0,175.0,50.0,1.0,31.0,197.0,92.0,399.0
Sony,2004,2592.0,2048.0,5.0,38.0,114.0,50.0,8.0,32.0,186.0,103.0,399.0
Sony,2007,3264.0,2592.0,8.0,38.0,114.0,50.0,1.0,31.0,197.0,90.0,399.0
Sony,2007,3264.0,3264.0,8.0,35.0,175.0,50.0,1.0,31.0,160.0,94.0,399.0
Sony,2004,2592.0,2048.0,5.0,38.0,114.0,50.0,8.0,32.0,186.0,90.0,399.0
Sony,2006,3072.0,2592.0,7.0,38.0,114.0,50.0,1.0,58.0,172.0,95.0,399.0
Sony,2005,2592.0,2048.0,5.0,38.0,114.0,50.0,8.0,32.0,150.0,99.0,399.0
Sony,2005,2592.0,2048.0,5.0,38.0,114.0,50.0,8.0,32.0,139.0,94.0,399.0
Sony,2006,3072.0,2592.0,7.0,38.0,114.0,50.0,1.0,58.0,170.0,95.0,399.0
Sony,2005,2592.0,2048.0,5.0,38.0,114.0,50.0,8.0,32.0,134.0,92.0,149.0
Sony,2005,2816.0,2048.0,6.0,38.0,114.0,50.0,1.0,32.0,185.0,90.0,429.0
Sony,2002,1280.0,640.0,1.0,33.0,33.0,10.0,10.0,8.0,118.0,85.0,149.0
Sony,2002,1632.0,640.0,2.0,33.0,33.0,10.0,10.0,8.0,118.0,85.0,399.0
Sony,2003,1632.0,640.0,2.0,33.0,33.0,10.0,10.0,8.0,130.0,85.0,149.0
Sony,2003,1632.0,640.0,2.0,33.0,33.0,10.0,10.0,8.0,130.0,83.0,149.0
Sony,2003,1632.0,640.0,2.0,33.0,33.0,10.0,10.0,8.0,132.0,100.0,149.0
Sony,2003,1632.0,640.0,2.0,33.0,33.0,10.0,10.0,8.0,200.0,60.0,149.0
Sony,2003,2592.0,2048.0,5.0,34.0,136.0,40.0,10.0,32.0,298.0,99.0,429.0
Sony,2004,3072.0,2592.0,7.0,34.0,136.0,40.0,10.0,0.0,390.0,120.0,429.0
Sony,2004,2592.0,2048.0,5.0,38.0,114.0,50.0,6.0,32.0,250.0,91.0,429.0
Sony,2006,3264.0,2592.0,8.0,38.0,114.0,50.0,6.0,64.0,192.0,94.0,149.0
Sony,2007,4000.0,3264.0,12.0,35.0,105.0,34.0,5.0,31.0,195.0,91.0,399.0
Sony,2006,2816.0,2048.0,6.0,38.0,114.0,50.0,2.0,32.0,153.0,90.0,149.0
Sony,2007,3072.0,2592.0,7.0,38.0,114.0,30.0,2.0,56.0,149.0,90.0,429.0
Sony,2005,2592.0,2048.0,5.0,38.0,114.0,50.0,6.0,32.0,250.0,91.0,429.0
Sony,2006,2816.0,2048.0,6.0,38.0,114.0,50.0,2.0,32.0,157.0,89.0,149.0
Sony,2007,3072.0,2592.0,7.0,38.0,114.0,30.0,2.0,56.0,147.0,90.0,429.0
Sony,2005,3072.0,2592.0,7.0,38.0,114.0,50.0,6.0,32.0,250.0,91.0,149.0
Sony,2006,3072.0,2592.0,7.0,38.0,114.0,50.0,2.0,58.0,157.0,89.0,149.0
Sony,2007,3072.0,2592.0,7.0,35.0,105.0,50.0,4.0,31.0,175.0,91.0,149.0
Sony,2007,3254.0,2592.0,8.0,35.0,105.0,50.0,4.0,31.0,175.0,91.0,429.0
Sony,2002,1280.0,1024.0,1.0,37.0,111.0,0.0,0.0,1.0,175.0,91.0,1399.0
Sony,2002,1600.0,1024.0,1.0,37.0,111.0,19.0,3.0,1.0,520.0,142.0,1399.0
Sony,1998,640.0,320.0,0.0,40.0,400.0,1.0,1.0,1.0,500.0,138.0,1399.0
Sony,1999,640.0,320.0,0.0,40.0,400.0,1.0,1.0,1.0,500.0,138.0,1399.0
Sony,2001,640.0,320.0,0.0,40.0,400.0,1.0,1.0,1.0,580.0,138.0,1399.0
Sony,1998,1024.0,640.0,0.0,37.0,111.0,1.0,1.0,1.0,580.0,140.0,1399.0
Sony,1999,1024.0,640.0,0.0,37.0,111.0,1.0,1.0,1.0,580.0,142.0,1399.0
Sony,2000,1280.0,1280.0,1.0,37.0,111.0,1.0,1.0,1.0,580.0,142.0,1399.0
Sony,2001,1280.0,1024.0,1.0,39.0,117.0,25.0,3.0,1.0,630.0,143.0,1399.0
Sony,1999,1280.0,1024.0,1.0,34.0,270.0,4.0,4.0,1.0,600.0,142.0,1399.0
Sony,2000,1280.0,1280.0,1.0,34.0,270.0,4.0,4.0,1.0,600.0,142.0,1399.0
Sony,2001,1472.0,1280.0,1.0,41.0,328.0,25.0,3.0,1.0,660.0,126.0,1399.0
Sony,2000,1600.0,1600.0,1.0,37.0,370.0,80.0,3.0,1.0,900.0,126.0,1399.0
Sony,2001,1600.0,1024.0,1.0,39.0,390.0,25.0,2.0,1.0,990.0,126.0,1399.0
Toshiba,2002,2048.0,1024.0,3.0,35.0,105.0,55.0,12.0,8.0,205.0,91.0,177.0
Toshiba,2002,2048.0,1024.0,3.0,35.0,100.0,80.0,10.0,8.0,320.0,116.0,177.0
Toshiba,2003,2400.0,1200.0,3.0,35.0,100.0,80.0,10.0,16.0,320.0,116.0,599.0
Toshiba,2003,2560.0,2048.0,4.0,35.0,105.0,80.0,10.0,16.0,230.0,93.0,177.0
Toshiba,1998,1280.0,640.0,1.0,35.0,35.0,50.0,9.0,4.0,290.0,123.0,62.0
Toshiba,2001,1280.0,640.0,1.0,52.0,52.0,90.0,0.0,8.0,240.0,116.0,62.0
Toshiba,2001,1600.0,800.0,1.0,39.0,39.0,50.0,0.0,8.0,240.0,116.0,177.0
Toshiba,2001,1729.0,896.0,2.0,38.0,114.0,40.0,8.0,8.0,320.0,105.0,177.0
Toshiba,1999,1280.0,640.0,1.0,38.0,115.0,90.0,25.0,4.0,380.0,122.0,62.0
Toshiba,1999,1600.0,800.0,1.0,40.0,40.0,50.0,10.0,8.0,290.0,112.0,62.0
Toshiba,1999,1600.0,800.0,1.0,40.0,120.0,90.0,25.0,8.0,350.0,130.0,62.0
Toshiba,2000,1792.0,896.0,2.0,38.0,86.0,50.0,5.0,4.0,320.0,121.0,449.0
Toshiba,2001,1792.0,896.0,2.0,38.0,114.0,50.0,5.0,8.0,310.0,123.0,62.0
Toshiba,2001,2048.0,1024.0,3.0,38.0,114.0,10.0,10.0,8.0,320.0,120.0,62.0
Toshiba,2000,2048.0,1024.0,3.0,35.0,105.0,80.0,9.0,16.0,390.0,116.0,62.0
Toshiba,2001,2048.0,1024.0,3.0,35.0,98.0,80.0,10.0,8.0,340.0,107.0,62.0
Toshiba,2001,2400.0,1200.0,3.0,35.0,98.0,80.0,10.0,16.0,340.0,107.0,62.0
Toshiba,2002,1600.0,800.0,1.0,38.0,38.0,40.0,20.0,8.0,180.0,86.0,129.0
