Laptop,TypeName,Inches,ScreenResolution,CPU_Company,CPU_Type,CPU_Frequency (GHz),RAM (GB),Memory,GPU_Company,GPU_Type,OpSys,Weight (kg)
57,4,13.3,10,1,40,2.3,8,4,2,56,8,1.4
58,4,13.3,1,1,40,1.8,8,2,2,50,8,1.3
304,3,15.6,3,1,46,2.5,8,16,2,52,4,1.9
57,4,15.4,12,1,54,2.7,16,29,0,76,8,1.8
57,4,13.3,10,1,40,3.1,8,16,2,57,8,1.4
2,3,15.6,0,0,11,3.0,4,26,0,84,5,2.1
57,4,15.4,12,1,54,2.2,16,15,2,58,3,2.0
58,4,13.3,1,1,40,1.8,8,15,2,50,8,1.3
176,4,14.0,3,1,70,1.8,16,29,3,37,5,1.3
47,4,14.0,3,1,53,1.6,8,16,2,105,5,1.6
304,3,15.6,0,1,46,2.5,4,26,2,52,4,1.9
304,3,15.6,3,1,36,2.0,4,26,2,46,4,1.9
57,4,15.4,12,1,54,2.8,16,16,0,77,8,1.8
195,3,15.6,3,1,36,2.0,4,16,0,91,5,2.2
55,4,12.0,7,1,33,1.2,8,16,2,51,8,0.9
57,4,13.3,10,1,40,2.3,8,16,2,56,8,1.4
195,3,15.6,3,1,62,2.7,8,16,0,91,5,2.2
57,4,15.4,12,1,54,2.9,16,29,0,78,8,1.8
402,3,15.6,3,1,38,2.4,8,10,3,11,4,2.2
249,4,13.3,3,1,53,1.6,8,4,2,105,5,1.2
140,2,11.6,0,1,16,1.44,2,23,2,40,5,1.0
429,1,15.6,3,1,47,2.5,8,5,3,14,5,2.5
305,3,15.6,0,0,79,1.5,4,26,0,79,4,1.9
200,0,13.3,3,1,53,1.6,8,16,2,105,5,1.6
262,4,15.6,3,1,70,1.8,8,16,2,52,5,1.9
195,3,15.6,0,1,36,2.0,4,10,2,46,5,2.3
56,4,13.3,1,1,40,1.6,8,2,2,50,3,1.4
203,3,15.6,3,1,53,1.6,8,16,0,74,5,2.2
228,4,15.6,3,1,71,1.9,8,19,2,105,5,1.9
352,3,17.3,3,1,53,1.6,8,10,3,9,5,2.5
187,3,15.6,3,1,15,1.44,4,35,2,39,5,1.9
63,3,14.0,0,0,77,1.5,2,23,0,79,5,1.6
298,3,17.3,3,0,7,2.5,4,26,0,74,5,2.7
249,4,13.3,13,1,70,1.8,16,29,2,105,5,1.2
56,4,13.3,1,1,40,1.6,8,15,2,50,3,1.4
393,3,14.0,0,1,22,1.1,4,35,2,42,5,1.4
2,3,15.6,0,1,39,2.7,4,10,2,52,2,2.1
208,3,17.3,3,1,53,1.6,8,5,0,74,5,2.8
304,3,15.6,0,1,46,2.5,4,10,2,52,5,1.9
351,3,15.6,3,1,53,1.6,8,16,3,9,5,2.1
145,3,15.6,3,1,36,2.0,4,10,2,52,2,2.0
214,1,15.6,3,1,66,2.8,16,18,3,18,5,2.6
156,3,15.6,0,1,46,2.5,8,10,3,11,2,2.3
7,3,15.6,3,1,53,1.6,4,16,2,105,5,2.2
216,0,17.3,3,1,53,1.6,12,10,3,4,5,2.8
57,4,13.3,10,1,40,2.0,8,16,2,54,8,1.4
404,3,15.6,0,1,36,2.0,4,4,2,46,4,2.2
124,1,17.3,3,0,89,3.0,8,18,0,104,5,3.2
195,3,15.6,3,1,46,2.5,4,16,0,91,5,2.3
165,3,17.3,0,1,87,1.1,4,10,3,7,5,2.8
518,0,10.1,4,1,17,1.44,4,35,2,40,0,0.7
7,3,15.6,3,1,70,1.8,8,16,3,37,5,2.2
305,3,15.6,3,0,7,2.5,4,16,0,83,5,1.9
349,3,13.3,3,1,70,1.8,8,29,2,105,5,1.5
2,3,15.6,0,1,38,2.4,4,10,2,52,5,2.4
196,3,15.6,3,1,70,1.8,8,16,0,73,5,2.1
270,3,15.6,3,1,36,2.0,4,4,2,46,5,1.9
135,3,15.6,0,1,46,2.5,4,16,2,52,5,2.0
551,1,17.3,3,1,66,2.8,16,20,3,19,5,2.4
153,3,15.6,3,1,36,2.0,4,16,2,46,2,2.0
208,3,17.3,3,1,70,1.8,16,20,0,74,5,2.8
247,4,14.0,3,1,53,1.6,8,16,2,105,5,1.7
413,3,14.0,3,1,39,2.7,8,16,2,52,4,1.7
127,3,14.0,3,1,53,1.6,8,16,2,105,5,1.4
304,3,15.6,3,1,46,2.5,8,16,2,52,5,1.9
169,4,15.6,3,1,66,2.8,16,29,3,15,5,1.8
304,3,15.6,0,1,36,2.0,4,26,0,73,5,1.9
370,3,14.0,0,1,21,1.6,4,25,2,40,5,1.4
495,3,15.6,3,1,46,2.5,4,10,2,52,5,1.9
77,1,17.3,3,1,66,2.8,12,10,3,15,2,3.0
572,4,13.5,6,1,46,2.5,4,4,2,52,6,1.3
198,4,13.3,3,1,70,1.8,8,16,0,74,5,1.4
203,3,15.6,3,1,70,1.8,8,16,0,74,5,2.2
533,1,17.3,3,1,47,2.5,8,5,3,14,5,2.7
13,3,14.0,0,1,36,2.0,8,10,2,46,5,2.1
68,1,15.6,3,1,66,2.8,8,10,3,14,5,2.2
403,3,15.6,3,1,46,2.5,8,22,2,52,4,2.2
203,3,15.6,3,1,70,1.8,8,5,2,105,5,2.0
8,3,15.6,3,1,39,2.7,4,10,3,36,5,2.2
352,3,17.3,3,1,53,1.6,8,5,3,9,5,2.5
228,4,15.6,3,1,53,1.6,8,16,2,105,5,1.9
55,4,12.0,7,1,40,1.3,8,29,2,51,8,0.9
350,3,14.0,3,1,53,1.6,8,16,2,52,5,1.6
400,3,15.6,3,0,7,2.5,4,4,0,72,5,2.2
2,3,15.6,0,0,11,3.0,4,10,0,84,5,2.1
214,1,15.6,3,1,66,2.8,16,5,3,15,5,2.6
344,4,15.6,3,1,70,1.8,8,16,3,24,5,1.8
304,3,15.6,3,1,46,2.5,8,16,2,52,5,2.0
69,1,15.6,3,1,66,2.8,16,5,3,18,5,2.2
249,4,13.3,3,1,70,1.8,8,16,2,105,5,1.2
70,1,15.6,3,0,81,3.0,8,10,0,103,5,2.4
3,3,15.6,3,1,70,1.8,8,10,3,37,5,2.2
356,3,13.3,3,1,70,1.8,16,29,2,105,5,1.5
214,1,15.6,3,1,47,2.5,8,16,3,18,5,2.6
184,4,14.0,3,1,62,2.7,8,16,2,52,5,1.2
45,0,13.3,3,1,53,1.6,8,16,2,105,5,1.5
195,3,15.6,3,1,62,2.7,8,10,0,91,2,2.2
195,3,15.6,3,1,36,2.0,4,16,0,91,2,2.2
154,3,15.6,3,1,38,2.4,6,16,3,6,5,2.0
333,1,15.6,3,1,66,2.8,12,5,3,14,5,2.6
275,3,15.6,3,1,62,2.7,8,16,0,74,5,1.9
283,3,15.6,3,0,79,1.5,4,26,0,79,5,2.1
196,3,15.6,3,1,53,1.6,8,10,0,73,2,2.2
326,4,13.3,3,1,62,2.7,8,16,3,37,5,1.4
572,4,13.5,6,1,46,2.5,8,16,2,52,6,1.3
341,3,14.0,3,1,46,2.5,6,16,3,11,5,1.6
421,3,15.6,3,1,36,2.0,4,10,2,46,5,1.8
128,4,14.0,3,1,62,2.7,8,16,3,11,5,1.3
537,1,15.6,3,1,66,2.8,16,18,3,15,5,2.2
467,3,14.0,3,1,62,2.7,8,16,2,52,5,1.6
138,4,15.6,3,1,70,1.8,16,18,3,37,5,1.5
249,4,13.3,13,1,63,2.4,8,16,2,56,5,1.2
455,0,13.3,3,1,46,2.5,8,16,2,52,5,1.4
357,3,14.0,0,1,53,1.6,4,26,2,105,5,1.6
249,4,13.3,3,1,53,1.6,8,16,2,105,5,1.2
366,0,13.3,3,1,53,1.6,8,16,2,105,5,1.3
357,3,14.0,3,1,70,1.8,8,29,2,105,5,1.6
213,3,15.6,3,1,70,1.8,8,18,3,11,5,2.2
163,3,17.3,3,1,36,2.0,4,10,3,7,5,2.0
138,3,15.6,3,1,70,1.8,8,16,3,11,5,1.7
44,3,15.6,3,1,38,2.4,6,10,2,52,5,2.1
548,1,15.6,3,1,66,2.8,16,20,3,19,5,1.8
403,3,15.6,3,1,46,2.5,8,16,3,11,4,2.2
359,3,17.3,3,1,70,1.8,16,29,3,9,5,2.5
2,3,15.6,0,0,11,3.0,4,16,0,84,5,2.1
304,3,15.6,0,1,21,1.6,4,26,2,40,4,1.9
357,3,14.0,3,1,53,1.6,8,10,2,105,5,1.6
62,3,14.0,0,0,73,1.5,4,37,0,79,6,1.6
208,3,17.3,3,1,70,1.8,16,20,0,74,5,2.8
352,3,17.3,3,1,53,1.6,8,16,2,105,5,2.5
201,3,15.6,0,1,46,2.5,8,10,0,97,5,2.4
195,3,15.6,3,1,36,2.0,4,10,0,91,5,2.2
47,4,14.0,3,1,70,1.8,8,16,2,105,5,1.6
9,3,15.6,3,1,39,2.7,4,16,3,36,5,2.2
261,3,15.6,0,1,62,2.7,8,10,2,52,5,2.0
357,3,14.0,3,1,70,1.8,8,16,2,105,5,1.6
477,3,15.6,0,1,22,1.1,4,10,2,42,4,1.9
75,1,17.3,3,1,47,2.5,8,5,3,14,5,3.0
403,3,15.6,3,1,46,2.5,4,10,3,7,4,2.2
325,3,13.3,3,1,46,2.5,4,16,2,52,5,1.3
3,3,17.3,3,1,39,2.7,4,10,3,36,5,3.0
436,3,14.0,3,1,53,1.6,8,16,0,102,5,1.8
429,1,15.6,3,1,66,2.8,8,16,3,16,4,2.4
596,3,15.6,0,1,41,2.3,4,26,2,46,5,2.1
305,3,15.6,0,0,7,2.5,4,16,0,83,5,1.9
175,4,14.0,3,1,70,1.8,8,16,2,105,5,1.2
315,4,12.5,14,1,29,1.2,8,29,2,45,5,1.0
146,3,15.6,3,1,22,1.1,4,10,2,42,5,2.0
523,1,17.3,3,1,66,2.8,16,18,3,19,5,2.9
6,3,15.6,0,1,36,2.0,4,10,2,46,5,2.1
204,1,15.6,3,1,66,2.8,16,29,3,14,5,2.6
212,1,15.6,3,1,66,2.8,8,1,3,14,5,2.6
478,3,15.6,0,1,46,2.5,4,4,2,52,5,1.9
526,1,17.3,3,1,66,2.8,16,18,3,18,5,2.8
313,4,14.0,3,1,50,2.7,4,16,2,52,5,1.5
263,3,15.6,3,1,53,1.6,6,16,0,73,5,1.9
509,0,14.0,3,1,38,2.4,4,16,2,52,5,1.7
168,0,13.3,3,1,53,1.6,8,16,2,52,5,1.1
206,0,15.6,3,1,70,1.8,8,16,2,105,5,1.6
596,3,15.6,0,1,36,2.2,4,26,2,46,5,2.1
160,3,15.6,0,0,11,3.0,4,10,0,89,5,2.0
11,3,17.3,3,1,53,1.6,4,16,3,37,5,3.0
196,3,15.6,3,1,53,1.6,8,16,0,73,5,2.1
429,1,15.6,3,1,66,2.8,16,16,3,15,5,2.5
5,3,15.6,0,1,22,1.1,4,10,2,42,5,2.1
520,1,15.6,3,1,66,2.8,16,18,3,18,5,2.4
2,3,15.6,0,1,87,1.1,4,10,2,43,5,2.1
204,1,15.6,3,1,66,2.8,8,5,3,14,5,2.6
11,3,17.3,3,1,53,1.6,8,16,3,37,5,3.0
349,3,13.3,3,1,53,1.6,4,26,2,105,5,1.5
377,4,13.0,5,1,46,2.5,8,16,2,52,5,1.0
301,3,17.3,3,1,46,2.5,6,22,0,73,5,2.7
400,3,15.6,0,0,7,2.9,4,26,0,83,4,2.2
596,3,15.6,0,1,38,2.4,4,26,2,52,5,2.0
352,3,17.3,3,1,53,1.6,8,16,3,9,5,2.5
195,3,15.6,0,1,38,2.4,8,10,2,52,5,2.3
6,3,15.6,0,1,36,2.0,4,4,2,46,5,2.1
560,1,18.4,3,1,61,2.9,32,31,3,3,5,4.4
489,3,15.6,3,1,46,2.5,8,5,0,71,5,1.9
366,0,13.3,14,1,53,1.6,8,16,2,105,5,1.3
203,3,15.6,3,1,70,1.8,16,20,0,74,2,2.0
249,4,13.3,3,1,53,1.6,8,16,2,105,5,1.2
517,0,13.9,14,1,70,1.8,16,29,2,105,5,1.4
596,3,15.6,0,1,46,2.5,8,4,2,52,5,2.0
619,3,15.6,3,1,53,1.6,8,16,3,37,4,2.0
216,3,17.3,3,1,70,1.8,16,29,3,4,5,2.8
250,3,15.6,14,1,66,2.8,16,29,3,14,5,2.1
429,1,15.6,3,1,47,2.5,8,16,3,14,4,2.4
48,4,13.3,3,1,51,1.2,8,16,2,51,5,1.1
208,3,17.3,3,1,70,1.8,8,5,0,74,5,2.8
475,0,14.0,9,1,62,2.7,16,12,2,52,5,1.4
616,3,14.0,3,1,22,1.1,4,23,2,42,5,1.3
619,4,13.3,3,1,46,2.5,8,16,3,37,4,1.3
406,3,17.3,2,1,53,1.6,8,16,3,37,4,2.8
200,0,13.3,3,1,70,1.8,8,10,2,105,5,1.6
352,3,17.3,3,1,53,1.6,8,10,3,9,5,2.5
573,1,17.3,14,1,67,2.9,32,12,3,21,5,3.5
349,3,13.3,3,1,53,1.6,8,29,2,105,5,1.5
336,1,17.3,3,1,66,2.8,16,18,3,14,5,3.4
359,3,17.3,3,1,70,1.8,8,16,3,9,5,2.5
214,1,15.6,14,1,66,2.8,16,31,3,18,5,2.6
484,3,15.6,0,1,41,2.3,4,4,2,46,5,2.1
15,3,15.6,3,1,62,2.7,8,10,3,11,5,2.2
430,1,15.6,3,1,66,2.8,16,31,3,18,5,3.2
240,5,15.6,14,1,90,3.0,16,18,3,62,5,2.8
429,1,15.6,3,1,66,2.8,16,29,3,18,4,2.4
195,3,15.6,0,1,38,2.4,6,10,2,52,5,2.3
249,4,13.3,14,1,70,1.8,8,16,2,105,5,1.2
249,4,13.3,3,1,70,1.8,8,16,2,105,5,1.2
403,3,15.6,0,1,46,2.5,8,16,2,52,5,2.2
4,3,15.6,3,1,66,2.8,8,10,3,14,2,2.4
100,1,17.3,3,1,66,2.8,16,18,3,14,5,2.9
276,3,15.6,3,1,36,2.0,4,26,2,46,4,2.1
403,3,15.6,3,1,46,2.5,8,16,2,52,4,2.2
377,4,13.0,5,1,62,2.7,8,29,2,52,5,1.0
198,4,13.3,3,1,70,1.8,8,16,0,74,5,1.4
405,3,17.3,2,1,46,2.5,8,10,3,24,4,2.8
357,3,14.0,3,1,70,1.8,8,16,3,9,5,1.6
226,4,14.0,3,1,53,1.6,8,16,2,105,5,1.6
200,0,13.3,3,1,70,1.8,16,29,2,105,5,1.6
196,3,15.6,3,1,53,1.6,8,16,0,73,2,2.2
509,0,14.0,3,1,53,1.6,8,16,2,105,5,1.7
588,4,13.3,3,1,55,2.5,8,16,2,46,5,1.2
351,3,15.6,3,1,53,1.6,8,10,2,105,5,2.1
190,1,17.3,3,1,66,2.8,16,18,3,18,5,4.4
15,3,15.6,3,1,62,2.7,8,16,3,11,5,2.2
201,3,15.6,3,1,62,2.7,16,10,0,97,5,2.3
142,3,15.6,3,1,46,2.5,8,16,3,7,5,2.0
83,3,17.3,3,1,46,2.5,8,21,3,25,5,2.7
372,3,15.6,3,1,62,2.7,8,10,0,0,5,1.9
88,3,15.6,0,1,38,2.4,4,10,2,52,5,2.4
292,3,15.6,0,0,76,1.5,4,26,0,79,5,2.1
430,1,15.6,3,1,66,2.8,16,18,3,18,5,3.2
246,3,14.0,3,1,46,2.5,8,16,2,52,5,1.6
23,0,13.3,3,1,41,2.3,8,16,2,46,5,1.6
201,3,15.6,3,1,62,2.7,16,16,0,97,2,2.4
6,3,15.6,0,1,36,2.0,4,10,2,46,2,2.1
161,3,15.6,3,0,2,2.5,4,5,0,91,5,2.2
97,1,17.3,3,1,67,2.9,32,31,3,21,5,4.7
39,1,15.6,3,1,47,2.5,8,16,3,14,5,2.5
404,3,15.6,0,1,36,2.0,8,4,2,46,5,2.2
136,3,17.3,3,1,70,1.8,8,5,3,4,5,2.1
64,3,17.3,3,1,62,2.7,8,5,3,25,4,2.7
204,1,15.6,3,1,47,2.5,8,16,3,14,5,2.6
516,0,13.9,3,1,62,2.7,8,16,2,52,5,1.4
203,3,15.6,3,1,70,1.8,8,6,0,74,5,2.2
274,3,15.6,0,1,46,2.5,8,10,2,52,5,2.0
103,1,17.3,3,1,67,2.9,16,16,3,21,5,3.6
349,3,13.3,3,1,53,1.6,4,26,2,105,5,1.5
57,4,13.3,10,1,40,3.1,8,29,2,57,8,1.4
206,0,15.6,3,1,70,1.8,8,10,2,105,5,2.1
98,1,17.3,3,1,66,2.8,16,18,3,32,5,4.3
143,3,15.6,0,0,11,3.0,4,10,0,89,5,1.7
517,0,13.9,3,1,70,1.8,8,29,2,105,5,1.4
3,3,17.3,3,1,39,2.7,4,16,3,36,5,3.0
245,4,13.3,3,1,53,1.6,8,16,2,105,5,1.4
267,3,15.6,0,0,8,2.5,8,4,0,83,5,1.9
327,3,17.3,3,1,70,1.8,16,10,3,37,5,2.9
557,1,17.3,3,1,66,2.8,16,31,3,19,5,4.1
512,0,15.6,3,1,66,2.8,8,29,3,16,5,2.0
208,3,17.3,3,1,70,1.8,8,5,0,74,5,2.8
404,3,15.6,3,1,36,2.0,4,16,2,46,4,2.2
351,3,15.6,3,1,53,1.6,4,26,2,52,5,2.1
244,3,15.6,3,1,46,2.5,4,10,2,52,5,2.2
195,3,15.6,3,1,46,2.5,8,10,0,91,5,2.2
206,0,15.6,3,1,53,1.6,8,16,2,105,5,2.7
168,0,13.3,3,1,70,1.8,8,34,2,105,5,1.1
403,3,15.6,3,1,46,2.5,4,10,2,52,4,2.2
359,3,17.3,3,1,70,1.8,8,10,3,9,5,2.5
502,3,15.6,3,1,70,1.8,8,16,2,105,5,2.0
57,4,13.3,10,1,40,2.9,8,29,2,55,8,1.4
124,1,17.3,3,0,89,3.0,16,18,0,104,5,3.2
196,3,15.6,3,1,70,1.8,8,16,0,73,2,2.1
453,0,14.0,9,1,57,2.6,16,29,2,46,5,1.4
596,3,15.6,0,1,55,2.5,8,26,3,8,5,2.2
201,3,15.6,0,1,62,2.7,12,10,2,52,5,2.3
208,3,17.3,3,1,70,1.8,8,5,0,74,2,2.8
7,3,15.6,3,1,70,1.8,8,10,3,36,5,2.2
407,3,17.3,2,1,36,2.0,4,10,2,46,5,2.8
406,3,17.3,3,1,70,1.8,8,22,3,37,4,2.8
405,3,17.3,2,1,62,2.7,6,5,3,11,5,2.8
195,3,15.6,3,1,36,2.0,4,10,0,91,2,2.2
429,1,15.6,3,1,47,2.5,8,16,3,14,5,2.5
423,3,15.6,3,1,46,2.5,6,16,2,52,5,2.2
11,3,15.6,3,1,70,1.8,8,16,3,37,5,3.0
42,3,15.6,3,1,62,2.7,12,10,2,52,5,2.2
471,3,15.6,3,1,62,2.7,8,16,2,53,5,2.0
138,4,15.6,3,1,46,2.5,8,16,3,11,5,1.7
429,1,15.6,3,1,66,2.8,16,18,3,15,5,2.5
402,3,15.6,3,1,62,2.7,8,10,3,11,4,2.2
32,3,15.6,0,1,18,1.5,2,8,2,39,1,2.2
74,1,17.3,3,1,66,2.8,8,10,3,14,5,3.0
294,3,17.3,2,1,36,2.0,8,10,2,46,5,2.5
250,3,15.6,3,1,66,2.8,8,16,3,14,5,2.0
501,3,15.6,3,1,53,1.6,8,16,2,105,5,2.0
430,1,15.6,3,1,66,2.8,8,10,3,18,5,3.2
12,3,15.6,3,1,66,2.8,8,16,3,15,2,2.5
241,5,17.3,3,1,68,2.9,16,16,3,62,5,3.4
395,3,15.6,3,0,0,2.4,6,10,0,85,5,2.4
178,4,15.6,3,1,62,2.7,16,29,3,11,5,1.6
137,3,14.0,0,1,38,2.4,4,4,2,52,5,1.3
118,1,17.3,3,1,66,2.8,16,18,3,19,5,2.9
405,3,17.3,2,1,46,2.5,6,10,3,23,5,2.8
403,3,15.6,0,1,46,2.5,8,22,3,11,4,2.2
81,1,15.6,3,1,66,2.8,8,5,3,15,5,2.5
401,3,15.6,0,1,87,1.1,4,10,2,43,4,2.2
316,0,13.3,3,1,64,2.8,16,16,2,52,5,1.3
596,3,15.6,3,1,55,2.5,8,16,3,8,5,2.2
402,3,15.6,3,1,46,2.5,8,5,3,11,5,2.3
304,3,15.6,3,1,36,2.0,4,10,2,46,5,1.9
415,3,13.3,3,1,46,2.5,8,16,2,52,5,1.1
249,4,13.3,14,1,70,1.8,16,12,2,105,5,1.2
521,1,15.6,3,1,66,2.8,16,18,3,19,5,2.8
35,3,15.6,3,0,9,2.2,8,16,0,84,5,2.2
133,0,11.6,0,1,22,1.1,2,23,2,42,5,1.1
203,3,15.6,3,1,53,1.6,8,5,0,74,5,2.3
366,0,13.3,14,1,70,1.8,16,12,2,105,5,1.3
434,3,13.3,0,1,19,1.6,4,7,2,44,1,1.4
353,3,14.0,3,1,46,2.5,8,16,2,52,5,2.0
51,3,11.6,0,1,86,1.6,4,2,2,41,5,1.4
319,3,14.0,3,1,62,2.7,8,16,2,52,5,1.5
405,3,17.3,2,1,46,2.5,4,10,3,7,5,2.8
174,3,14.0,3,1,62,2.7,8,16,2,52,5,2.0
351,3,15.6,0,1,70,1.8,8,10,2,105,5,2.1
3,3,15.6,0,0,4,2.7,8,16,0,101,5,2.2
393,3,14.0,0,1,22,1.1,4,23,2,42,5,1.4
14,3,15.6,0,1,46,2.5,6,10,2,52,5,2.2
138,4,15.6,3,1,62,2.7,8,16,3,11,5,1.7
318,4,12.5,3,1,62,2.7,8,16,2,52,5,1.3
250,3,15.6,14,1,66,2.8,32,12,3,14,5,2.1
534,1,17.3,3,1,66,2.8,8,18,3,15,5,2.7
596,3,15.6,3,1,46,2.5,8,16,2,52,5,2.0
129,3,14.0,3,1,62,2.7,8,18,2,52,5,2.0
492,3,15.6,3,1,36,2.0,4,10,2,46,5,1.8
72,1,15.6,3,1,66,2.8,8,16,3,14,5,2.5
313,3,14.0,3,1,48,2.6,8,16,2,52,5,1.5
213,4,15.6,3,1,53,1.6,8,5,3,11,5,1.9
320,3,15.6,3,1,46,2.5,8,16,2,52,5,1.8
147,3,15.6,0,1,22,1.1,4,10,2,42,2,2.0
213,3,15.6,3,1,53,1.6,8,16,3,11,5,2.0
194,3,15.6,0,1,21,1.6,4,26,2,39,2,2.2
399,3,15.6,3,0,4,3.6,12,22,0,74,5,2.2
351,3,15.6,3,1,38,2.4,8,10,3,9,5,2.1
517,0,13.9,14,1,70,1.8,16,29,2,105,5,1.4
249,4,13.3,3,1,70,1.8,8,16,2,105,5,1.2
429,1,15.6,3,1,66,2.8,16,20,3,15,5,2.4
369,3,14.0,0,1,21,1.6,2,23,2,40,5,1.4
228,4,15.6,3,1,71,1.9,16,32,2,105,5,1.9
133,0,11.6,0,1,22,1.1,4,23,2,42,5,1.5
203,4,15.6,3,1,53,1.6,8,10,0,74,5,1.9
250,3,15.6,14,1,66,2.8,16,29,3,14,5,2.1
320,3,15.6,3,1,62,2.7,8,16,2,52,5,1.8
541,1,17.3,3,1,66,2.8,8,5,3,18,5,2.7
375,5,15.6,3,1,66,2.8,8,16,3,62,5,2.6
602,3,15.6,3,1,55,2.5,16,29,3,8,5,2.4
203,3,15.6,3,1,70,1.8,8,6,0,74,5,2.0
401,3,15.6,0,1,22,1.1,4,10,2,42,4,2.2
214,1,15.6,3,1,47,2.5,8,10,3,14,5,2.6
195,3,15.6,0,1,46,2.5,8,22,2,52,5,2.4
231,3,14.0,3,1,48,2.6,8,16,2,52,5,1.4
304,3,15.6,0,1,36,2.0,4,26,2,46,5,1.9
183,3,14.0,3,1,46,2.5,8,16,2,52,5,2.0
405,3,17.3,2,1,46,2.5,6,5,3,24,5,2.8
304,3,15.6,3,1,46,2.5,8,10,2,52,5,1.9
404,3,15.6,0,1,36,2.0,8,16,3,7,4,2.2
257,3,15.6,0,1,86,1.6,8,22,2,41,5,2.0
208,3,17.3,3,1,53,1.6,8,5,0,74,5,2.8
429,1,15.6,3,1,47,2.5,8,5,3,14,4,2.4
201,3,15.6,3,1,62,2.7,8,16,0,97,5,2.3
317,4,14.0,3,1,62,2.7,8,16,2,52,5,1.4
168,0,15.6,3,1,62,2.7,12,33,3,13,5,2.3
2,3,15.6,0,0,11,3.0,4,4,0,84,5,2.1
124,1,17.3,3,0,89,3.0,16,18,0,104,5,3.2
392,3,17.3,2,0,9,2.2,4,4,0,84,5,2.6
200,0,13.3,3,1,70,1.8,8,16,2,105,5,1.6
285,3,15.6,3,0,11,3.0,4,16,0,84,5,1.9
504,2,11.6,0,1,24,1.1,4,4,2,42,5,1.6
194,3,15.6,0,1,21,1.6,4,26,2,40,5,1.8
132,3,14.0,0,1,22,1.1,4,23,2,42,5,1.5
4,3,15.6,3,1,66,2.8,8,10,3,14,2,2.4
340,1,17.3,3,1,66,2.8,8,5,3,14,5,3.4
491,3,15.6,3,1,36,2.0,4,4,2,46,4,1.8
101,1,15.6,3,1,66,2.8,8,5,3,18,5,2.3
416,3,14.0,3,1,46,2.5,8,16,3,11,5,1.5
180,4,13.3,3,1,62,2.7,16,29,2,52,5,1.1
472,4,14.0,9,1,62,2.7,8,29,2,52,5,1.1
426,3,13.3,3,1,38,2.4,4,4,2,52,5,1.5
237,5,15.6,3,1,45,2.6,8,26,0,1,5,2.2
239,5,15.6,3,1,60,2.7,8,16,3,62,5,2.0
453,0,14.0,9,1,62,2.7,16,29,2,52,5,1.4
120,1,17.3,3,1,66,2.8,8,10,3,14,5,3.0
123,1,17.3,3,1,66,2.8,16,18,3,15,5,3.0
3,3,15.6,0,1,53,1.6,12,10,3,36,5,2.2
564,1,17.3,3,1,66,2.8,8,16,3,15,5,2.7
201,3,15.6,3,1,62,2.7,8,16,0,97,2,2.3
264,4,15.6,3,0,11,3.0,4,16,0,73,5,1.9
438,3,15.6,3,1,70,1.8,8,16,0,102,5,2.1
440,3,14.0,3,1,46,2.5,8,16,2,52,5,1.9
242,5,15.6,14,1,66,2.8,8,16,3,62,5,1.8
472,4,14.0,9,1,62,2.7,16,12,2,52,5,1.1
401,3,15.6,0,1,22,1.1,4,10,2,42,5,2.2
76,1,17.3,3,1,66,2.8,16,18,3,14,5,2.9
438,3,15.6,3,1,53,1.6,8,18,0,102,5,2.1
4,3,15.6,3,1,66,2.8,8,16,3,14,2,2.5
527,1,17.3,3,1,66,2.8,16,18,3,19,5,2.8
179,4,14.0,3,1,62,2.7,8,29,2,52,5,1.1
589,4,13.3,3,1,55,2.5,16,29,2,46,5,1.2
231,4,14.0,3,1,64,2.8,8,29,2,39,5,1.4
404,3,15.6,3,1,36,2.0,4,26,2,46,5,2.2
431,3,11.6,0,1,22,1.1,2,23,2,42,5,1.2
443,5,15.6,3,1,66,2.8,8,29,3,62,5,2.7
468,4,14.0,9,1,66,2.8,8,29,3,13,5,1.7
260,3,15.6,3,1,36,2.0,4,10,0,73,5,2.1
23,0,13.3,3,1,55,2.5,8,16,2,46,5,1.6
168,0,13.3,3,1,46,2.5,8,16,2,52,5,1.3
195,3,15.6,3,1,46,2.5,4,16,0,91,2,2.3
220,3,13.3,0,1,36,2.0,4,4,2,46,5,1.6
311,4,14.0,3,1,55,2.5,8,16,2,46,5,1.4
195,3,15.6,0,1,46,2.5,8,10,2,52,5,2.1
436,4,14.0,3,1,70,1.8,8,16,0,102,5,1.8
512,0,15.6,14,1,66,2.8,16,29,3,14,5,2.0
186,3,12.3,11,1,24,1.1,6,35,2,42,5,1.4
354,3,15.6,3,1,68,2.9,8,16,2,53,5,2.3
155,3,15.6,3,1,38,2.4,8,10,3,11,2,2.3
190,1,17.3,9,1,67,2.9,16,18,3,19,5,4.4
214,1,15.6,3,1,66,2.8,8,5,3,15,5,2.6
203,3,15.6,3,1,70,1.8,8,20,0,74,5,2.0
225,4,14.0,3,1,64,2.8,8,16,2,52,2,1.6
339,1,17.3,3,1,66,2.8,12,18,3,19,5,3.4
566,0,11.6,3,1,22,1.1,4,25,2,42,5,1.2
575,2,11.6,0,1,21,1.6,4,7,2,40,1,1.2
456,3,13.3,3,1,62,2.7,8,16,2,52,5,1.4
408,3,14.0,3,1,39,2.7,4,4,2,52,5,1.7
471,5,15.6,14,1,64,2.8,16,29,3,11,5,2.3
461,3,15.6,3,1,68,2.9,16,29,3,65,5,2.5
124,1,17.3,3,0,88,3.2,8,18,0,104,5,3.2
291,3,15.6,0,1,21,1.6,4,26,2,40,5,2.1
254,4,12.3,8,1,69,1.3,16,29,2,51,1,1.1
450,4,14.0,9,1,62,2.7,24,29,2,52,5,1.3
135,3,15.6,3,1,46,2.5,4,16,2,52,2,2.0
400,3,17.3,2,0,7,2.5,8,10,0,82,5,2.8
203,3,15.6,3,1,53,1.6,4,16,0,74,5,2.2
454,4,12.5,3,1,46,2.5,8,16,2,52,5,1.4
401,3,15.6,3,1,87,1.1,4,4,2,43,5,2.2
331,1,15.6,3,1,66,2.8,8,5,3,14,5,2.2
225,3,14.0,3,1,49,2.8,8,16,3,9,5,1.6
20,3,15.6,0,1,46,2.5,4,26,2,52,2,2.4
238,5,15.6,3,1,90,3.0,8,36,3,69,5,2.2
561,1,15.6,3,1,47,2.5,8,16,3,14,5,2.2
572,4,13.5,6,1,65,2.5,16,29,2,56,6,1.2
278,3,15.6,0,1,46,2.5,8,4,2,52,5,1.9
238,5,15.6,3,1,60,2.7,16,16,3,69,5,2.2
354,5,15.6,3,1,68,2.9,8,29,2,52,5,2.3
448,3,14.0,3,1,46,2.5,8,16,2,52,5,1.6
203,3,15.6,3,1,70,1.8,8,5,0,74,5,2.4
192,0,11.6,0,1,86,1.6,4,26,2,41,5,1.5
190,3,17.3,3,1,66,2.7,8,10,3,18,5,4.4
572,4,13.5,6,1,34,2.2,4,4,2,51,6,1.3
572,4,13.5,6,1,65,2.5,8,16,2,56,6,1.2
295,3,17.3,2,1,36,2.0,8,16,2,46,5,2.5
15,3,15.6,3,1,36,2.0,4,10,3,11,5,2.2
51,2,11.6,0,1,21,1.6,4,4,2,40,5,1.4
86,3,15.6,3,1,46,2.5,8,10,2,52,5,2.4
412,3,14.0,3,1,62,2.7,8,29,0,98,4,1.5
461,3,15.6,3,1,68,2.9,8,16,3,65,5,2.7
152,3,15.6,0,1,87,1.1,4,26,2,42,5,2.0
3,3,15.6,0,1,36,2.0,4,26,3,24,5,2.2
203,3,15.6,3,1,53,1.6,8,22,0,74,5,2.0
337,1,17.3,3,1,66,2.8,12,10,3,18,5,3.8
466,4,14.0,9,1,57,2.6,12,16,2,46,5,1.4
366,0,13.3,14,1,70,1.8,8,29,2,105,5,1.3
372,3,15.6,3,1,46,2.5,8,26,0,0,5,1.9
254,4,12.3,8,1,52,1.2,8,4,2,51,1,1.1
230,4,13.3,3,1,53,1.6,8,16,2,105,5,1.4
169,3,15.6,14,1,58,2.6,12,5,2,47,5,2.1
233,3,14.0,0,1,37,2.3,8,4,2,46,5,1.8
242,5,15.6,3,1,66,2.8,8,16,3,62,5,1.8
467,3,14.0,3,1,46,2.5,8,9,2,52,5,1.7
196,3,15.6,3,1,53,1.6,8,10,0,73,5,2.2
581,3,13.3,3,1,46,2.5,8,16,2,52,5,1.0
213,3,15.6,3,1,70,1.8,8,29,3,11,5,2.2
244,3,15.6,0,1,38,2.4,4,10,2,52,5,2.2
349,3,13.3,3,1,53,1.6,4,4,2,105,5,1.5
188,3,15.6,3,1,16,1.44,4,35,2,39,5,1.9
437,3,15.6,0,1,36,2.0,4,4,2,46,5,2.3
436,3,14.0,3,1,53,1.6,8,16,2,105,5,1.8
238,5,15.6,3,1,60,2.7,16,29,3,69,5,2.2
250,3,15.6,3,1,66,2.8,16,29,3,14,5,2.1
474,4,12.5,3,1,62,2.7,16,29,2,52,5,1.4
182,4,12.5,3,1,62,2.7,16,29,2,52,5,0.9
458,3,15.6,3,1,46,2.5,8,16,3,11,5,2.3
583,4,13.3,3,1,62,2.7,32,29,2,52,5,1.0
136,1,15.6,3,1,66,2.8,8,5,3,14,5,2.0
3,3,15.6,0,0,1,2.5,8,10,0,101,5,2.2
105,1,17.3,3,1,58,2.6,24,18,3,29,5,4.3
473,4,12.5,0,1,41,2.3,8,9,2,46,5,1.3
427,3,15.6,3,1,70,1.8,8,16,2,105,5,2.2
313,3,14.0,3,1,64,2.8,8,12,2,52,5,1.5
434,3,13.3,3,1,38,2.4,8,16,2,52,5,1.4
441,3,15.6,3,1,46,2.5,8,16,2,52,5,2.3
131,2,11.6,0,1,22,1.1,4,35,2,42,6,1.2
259,3,15.6,0,1,46,2.5,8,16,0,73,5,1.9
517,0,13.9,3,1,53,1.6,8,16,2,105,5,1.4
398,3,14.0,0,1,22,1.1,4,26,2,42,5,2.1
387,2,11.6,0,1,21,1.6,4,8,2,40,1,1.2
434,3,13.3,3,1,46,2.5,8,16,2,52,5,1.4
177,3,15.6,3,1,62,2.7,8,18,2,52,5,2.0
10,3,15.6,3,1,53,1.6,4,10,3,37,5,2.2
322,4,13.3,3,1,62,2.7,8,29,2,52,5,1.3
429,1,15.6,3,1,66,2.8,8,18,3,18,4,2.4
249,4,13.3,3,1,46,2.5,8,4,2,52,5,1.3
7,3,15.6,3,1,62,2.7,4,26,3,11,5,2.2
248,3,15.6,3,1,46,2.5,8,10,2,52,5,2.2
203,3,15.6,3,1,70,1.8,16,20,0,74,5,2.2
619,3,15.6,3,1,70,1.8,16,16,3,37,4,2.0
130,2,11.6,0,1,22,1.1,2,23,2,42,5,1.1
282,3,15.6,0,1,53,1.6,4,10,2,105,5,2.0
102,1,15.6,3,1,66,2.8,24,29,3,35,5,2.2
358,3,15.6,3,1,46,2.5,8,16,3,9,5,2.0
78,1,17.3,3,1,66,2.8,16,18,3,33,5,3.0
430,1,15.6,3,1,66,2.8,8,18,3,18,5,3.2
365,4,13.3,3,1,62,2.7,8,16,2,52,5,1.3
225,3,14.0,3,1,48,2.6,8,16,2,52,5,1.6
350,3,15.6,0,1,36,2.0,4,4,2,46,5,1.6
208,3,17.3,3,1,53,1.6,8,5,0,74,2,2.8
440,3,14.0,3,1,41,2.3,8,16,2,46,7,2.0
402,3,15.6,3,1,62,2.7,4,10,3,7,5,2.2
404,3,15.6,0,1,36,2.0,8,22,3,7,4,2.2
195,3,15.6,3,1,46,2.5,4,26,0,91,5,2.3
227,3,15.6,3,1,49,2.8,8,16,2,52,5,1.9
190,1,17.3,3,1,66,2.8,16,5,3,19,5,4.4
596,3,15.6,3,1,46,2.5,8,26,2,52,5,2.0
185,3,15.6,14,1,62,2.7,8,18,3,28,5,2.0
570,3,13.3,3,1,24,1.1,4,25,2,42,5,1.2
101,1,15.6,3,1,47,2.5,8,5,3,18,5,2.3
227,3,15.6,3,1,64,2.8,8,16,3,9,5,1.9
203,3,15.6,3,1,53,1.6,8,16,0,74,5,2.2
304,3,15.6,3,1,86,1.6,4,16,2,41,5,1.9
332,1,17.3,3,1,66,2.8,12,10,3,18,5,2.6
457,3,14.0,3,1,62,2.7,8,16,3,11,5,1.9
249,4,13.3,13,1,70,1.8,8,16,2,105,5,1.2
246,3,14.0,3,1,36,2.0,4,4,2,46,5,1.6
323,4,13.3,13,1,62,2.7,8,16,2,52,5,1.3
4,1,15.6,3,1,47,2.5,8,10,3,14,2,2.4
139,3,15.6,0,0,74,1.8,4,26,0,80,5,2.0
351,3,15.6,3,1,38,2.4,4,4,2,52,5,2.1
435,3,14.0,3,1,46,2.5,4,26,2,52,5,1.9
494,3,15.6,3,1,41,2.3,4,10,2,46,4,2.2
304,3,15.6,3,1,36,2.0,4,26,2,46,5,1.9
452,3,15.6,3,1,62,2.7,8,29,2,52,5,2.0
404,3,15.6,3,1,36,2.0,4,4,2,46,5,2.2
227,3,15.6,3,1,46,2.5,8,16,2,52,5,1.9
190,1,17.3,3,1,66,2.8,16,18,3,19,5,4.4
296,3,17.3,2,1,36,2.0,8,10,2,46,5,2.6
352,3,17.3,3,1,62,2.7,8,10,3,9,5,2.6
59,3,15.6,0,1,22,1.1,4,26,2,42,2,2.0
567,3,13.3,3,1,16,1.44,4,23,2,39,5,1.4
405,3,17.3,2,1,62,2.7,6,5,3,11,5,2.8
286,3,15.6,3,0,2,2.5,6,4,0,74,5,1.9
244,3,15.6,0,1,36,2.0,4,10,0,89,5,2.2
46,0,11.6,3,1,22,2.0,4,23,2,42,5,1.2
498,3,15.6,3,1,39,2.7,4,4,2,52,5,2.0
310,4,13.3,13,1,29,1.2,16,29,2,45,5,1.2
463,3,17.3,3,1,66,2.8,8,16,3,70,5,3.4
71,3,15.6,3,1,47,2.5,8,5,3,14,5,2.5
249,4,13.3,14,1,53,1.6,8,4,2,105,5,1.2
227,3,15.6,0,1,48,2.6,4,26,2,52,5,1.9
253,3,15.6,0,1,46,2.5,8,10,2,52,5,2.2
401,3,15.6,3,1,87,1.1,4,26,2,43,5,2.2
440,3,14.0,0,1,46,2.5,4,26,2,52,5,2.0
373,5,17.3,2,1,49,2.8,8,26,3,62,5,3.1
255,3,14.0,0,1,86,1.6,8,22,2,41,5,1.9
290,3,15.6,3,0,12,3.0,6,16,0,74,5,2.0
458,3,15.6,3,1,46,2.5,8,16,2,52,5,2.3
500,3,15.6,3,1,53,1.6,4,26,2,52,5,2.0
569,3,14.0,3,1,16,1.44,4,25,2,39,5,1.4
606,4,14.0,3,1,62,2.7,16,29,2,52,5,1.2
420,1,17.3,3,1,59,2.7,32,18,3,19,5,4.6
558,1,17.3,3,1,67,2.9,16,31,3,19,5,4.1
195,3,15.6,3,1,62,2.7,8,16,0,91,2,2.2
570,3,14.0,3,1,24,1.1,4,25,2,42,5,1.4
227,3,15.6,0,1,48,2.6,8,26,2,52,5,1.9
349,3,13.3,3,1,38,2.4,4,4,2,52,5,1.5
227,3,15.6,3,1,64,2.8,16,16,3,9,5,1.9
191,2,11.6,0,1,21,1.6,4,7,2,40,1,1.3
559,1,17.3,3,1,59,2.7,16,5,3,32,5,4.5
334,1,17.3,3,1,66,2.8,16,18,3,14,5,3.8
466,4,14.0,3,1,57,2.6,12,16,2,46,5,1.4
424,3,15.6,0,1,70,1.8,12,10,2,52,5,2.2
101,1,17.3,3,1,47,2.5,8,5,3,18,5,2.7
125,0,15.6,0,1,46,2.5,8,10,2,46,5,2.2
399,3,15.6,3,0,4,3.6,12,29,0,74,5,2.2
193,0,11.6,0,1,30,1.0,4,4,2,51,5,1.4
578,3,15.6,3,1,66,2.8,16,5,3,14,5,2.5
497,3,17.3,3,1,36,2.0,4,26,2,46,4,2.8
391,3,15.6,0,1,37,2.3,8,10,2,46,5,2.3
455,0,13.3,3,1,62,2.7,8,29,2,52,5,1.4
468,3,14.0,3,1,47,2.5,8,16,2,53,5,1.7
224,0,12.5,3,1,46,2.5,8,16,2,52,5,1.3
238,5,15.6,3,1,66,2.8,8,16,3,69,5,2.1
314,3,15.6,3,1,62,2.7,8,16,2,52,5,1.8
351,3,15.6,0,1,38,2.4,4,26,2,52,5,2.1
1,3,14.0,3,1,24,1.1,4,23,2,42,5,1.6
563,1,17.3,3,1,59,2.7,16,5,3,30,5,4.1
244,3,15.6,0,1,36,2.0,4,10,0,89,2,2.2
547,1,15.6,14,1,66,2.8,16,20,3,18,5,1.8
613,3,15.6,3,1,55,2.5,8,16,2,46,5,2.2
396,3,15.6,3,1,46,2.5,6,10,2,52,5,2.4
512,0,15.6,3,1,66,2.8,8,16,2,53,5,2.0
49,3,14.0,0,1,86,1.6,4,2,2,41,5,1.6
461,3,15.6,14,1,92,3.1,32,12,3,65,5,2.5
210,1,15.6,3,1,58,2.6,16,10,3,27,5,2.6
244,3,15.6,0,1,36,2.0,4,10,2,46,2,2.2
195,3,15.6,0,1,36,2.0,4,10,2,46,2,2.2
227,3,15.6,0,1,48,2.6,4,26,2,52,2,1.9
73,1,17.3,3,1,66,2.8,8,5,3,14,5,3.0
244,3,15.6,3,1,46,2.5,4,4,0,89,2,2.2
314,4,15.6,3,1,62,2.7,8,29,2,52,5,1.8
554,1,15.6,3,1,66,2.8,16,18,3,19,5,2.9
26,0,11.6,0,1,23,1.6,4,23,2,40,1,1.2
354,3,14.0,0,1,48,2.6,8,16,2,52,5,2.3
448,3,14.0,3,1,41,2.3,8,16,2,46,7,1.6
203,3,15.6,3,1,53,1.6,4,10,0,74,5,2.2
252,3,15.6,0,1,46,2.5,8,16,2,52,5,2.2
314,3,15.6,0,1,41,2.3,4,26,2,46,7,1.9
402,3,15.6,3,1,62,2.7,8,10,3,7,5,2.2
568,3,14.0,3,1,16,1.44,2,23,2,39,5,1.4
403,3,15.6,3,1,46,2.5,4,4,2,52,4,2.2
90,0,13.3,3,1,46,2.5,6,10,2,52,5,1.5
250,3,15.6,3,1,66,2.8,8,16,3,14,5,2.0
167,4,14.0,3,1,62,2.7,16,29,2,52,5,1.1
212,1,15.6,3,1,66,2.8,16,18,3,15,5,2.6
499,3,15.6,3,1,53,1.6,4,16,2,105,5,1.8
425,3,15.6,3,1,36,2.0,4,10,3,7,5,2.2
151,3,15.6,0,1,22,1.1,8,10,2,42,5,2.0
136,3,15.6,3,1,47,2.5,8,10,3,14,5,2.0
249,4,13.3,13,1,53,1.6,8,16,2,105,5,1.2
389,3,14.0,0,1,21,1.6,2,23,2,40,5,1.4
475,0,13.3,3,1,62,2.7,8,16,2,52,5,1.4
250,3,15.6,14,1,66,2.8,16,12,3,14,5,2.1
429,1,15.6,3,1,66,2.8,8,5,3,16,5,2.5
293,3,17.0,2,0,11,3.0,8,10,0,84,5,2.6
453,4,14.0,3,1,62,2.7,16,29,2,52,5,1.1
99,1,15.6,3,1,66,2.8,8,10,3,15,4,2.5
36,3,15.6,0,1,36,2.0,4,26,2,46,5,2.4
389,3,14.0,0,1,21,1.6,4,23,2,39,5,1.4
47,4,14.0,3,1,46,2.5,8,16,2,38,5,1.8
573,1,14.0,3,1,66,2.8,16,16,3,18,5,2.0
587,3,13.3,3,1,41,2.3,8,16,2,46,5,1.2
474,4,12.5,3,1,62,2.7,8,16,2,52,5,1.4
95,1,17.3,3,1,59,2.7,32,29,3,21,5,3.8
0,1,15.6,3,1,47,2.5,8,10,3,14,2,2.4
249,4,13.3,3,1,53,1.6,8,16,2,105,5,1.2
532,1,15.6,3,1,66,2.8,8,5,3,15,5,2.2
304,3,15.6,0,1,36,2.0,4,26,2,46,4,1.9
604,3,15.6,3,1,46,2.5,8,26,2,52,5,2.0
203,3,15.6,3,1,70,1.8,8,16,0,74,5,2.2
203,3,15.6,3,1,70,1.8,16,20,0,74,5,2.2
418,1,15.6,3,1,58,2.6,8,5,3,26,5,3.3
190,1,17.3,14,1,66,2.8,32,31,3,19,5,4.4
236,3,14.0,3,1,44,2.4,8,16,2,46,5,1.6
422,3,15.6,0,1,22,1.1,4,26,2,42,5,2.2
404,3,15.6,3,1,41,2.3,4,26,2,46,5,2.2
268,3,15.6,3,1,36,2.0,6,10,0,91,5,2.0
542,1,17.3,3,1,66,2.8,8,5,3,18,5,2.7
596,3,15.6,0,1,37,2.1,4,4,2,46,5,2.1
223,3,15.6,3,1,46,2.5,8,10,2,52,5,2.1
273,3,15.6,3,1,62,2.7,8,10,0,74,5,2.1
614,3,15.6,3,1,46,2.5,8,16,2,52,5,2.0
2,3,15.6,0,1,36,2.0,4,4,2,46,2,2.1
572,4,13.5,6,1,64,2.8,8,16,2,56,6,1.3
496,3,15.6,3,1,46,2.5,8,5,0,91,5,1.9
511,0,13.3,3,1,46,2.5,8,16,2,52,5,1.3
400,3,15.6,0,0,78,2.2,4,4,0,80,5,2.2
347,0,14.0,3,1,38,2.4,4,4,3,11,5,1.6
535,1,15.6,3,1,66,2.8,16,18,3,14,5,2.4
179,4,14.0,3,1,46,2.5,8,16,2,52,5,1.1
308,0,11.6,0,1,22,1.1,8,35,2,42,1,1.4
380,4,15.6,3,1,70,1.8,8,29,2,52,5,1.1
24,1,15.6,3,1,47,2.5,16,16,3,15,5,2.5
562,1,15.6,3,1,47,2.5,8,16,3,14,5,2.2
85,3,15.6,0,1,22,1.1,4,4,2,42,5,1.9
189,1,15.6,3,1,47,2.5,16,5,3,18,5,3.2
300,3,17.3,3,1,36,2.0,4,16,0,86,5,2.5
513,0,13.3,3,1,70,1.8,8,29,2,105,5,1.2
189,1,15.6,3,1,67,2.9,16,18,3,19,5,3.5
304,3,15.6,0,1,46,2.5,4,26,0,73,5,1.9
195,3,15.6,0,1,36,2.0,4,10,0,91,5,2.2
297,3,17.3,3,0,0,2.4,6,22,0,96,5,2.6
479,3,15.6,0,1,19,1.6,4,26,2,44,5,2.1
28,3,14.0,0,1,19,1.6,4,23,2,44,1,1.4
414,3,14.0,3,1,46,2.5,4,16,2,52,5,1.7
373,5,17.3,3,1,66,2.8,8,26,3,62,5,3.1
453,0,14.0,9,1,62,2.7,8,16,2,52,5,1.4
596,3,13.3,3,1,46,2.5,8,16,2,52,5,1.5
52,2,11.6,0,1,20,1.6,4,23,2,39,5,1.4
516,0,14.0,3,1,62,2.7,16,29,2,52,5,1.4
61,0,12.5,3,1,31,0.9,4,35,2,45,1,1.2
593,4,13.3,3,1,55,2.5,16,29,2,46,5,1.4
272,3,15.6,3,1,62,2.7,4,26,0,74,5,2.1
204,1,15.6,3,1,47,2.5,8,10,3,14,5,2.6
400,3,15.6,3,0,11,2.9,4,16,0,74,5,2.2
399,3,15.6,0,0,4,3.6,8,10,0,92,5,2.2
487,3,15.6,3,1,46,2.5,4,11,2,52,5,2.1
493,3,15.6,0,1,36,2.0,4,26,2,46,4,1.9
248,3,15.6,3,1,46,2.5,8,16,2,52,5,2.2
45,0,13.3,3,1,53,1.6,8,16,2,105,5,1.6
444,5,15.6,3,1,55,2.5,16,29,3,68,7,2.2
465,3,14.0,3,1,43,2.3,8,16,2,46,5,1.8
299,3,17.3,3,0,1,2.5,6,22,0,74,5,2.7
429,1,15.6,3,1,66,2.8,8,5,3,15,5,2.5
225,3,14.0,3,1,49,2.8,8,16,3,9,2,1.6
248,3,15.6,3,1,46,2.5,8,10,2,52,2,2.0
132,3,14.0,3,1,22,1.1,4,23,2,42,5,1.5
227,3,15.6,3,1,48,2.6,16,29,2,52,5,1.9
457,3,14.0,3,1,46,2.5,8,16,3,7,5,1.9
227,3,15.6,3,1,48,2.6,8,16,2,52,5,1.9
381,3,15.6,0,0,6,2.0,4,26,0,82,5,2.2
571,3,14.0,4,1,14,1.92,4,24,2,40,5,1.4
352,3,17.3,3,1,62,2.7,8,16,3,9,5,2.6
453,4,14.0,9,1,55,2.5,8,29,2,46,5,1.2
347,0,13.3,0,1,46,2.5,8,16,2,52,5,1.6
450,4,14.0,3,1,46,2.5,8,16,2,52,5,1.3
190,1,17.3,14,1,66,2.8,32,13,3,19,5,4.4
534,1,17.3,3,1,66,2.8,8,5,3,15,5,2.7
488,3,15.6,0,1,46,2.5,4,10,2,52,4,1.9
203,3,15.6,3,1,53,1.6,8,5,0,74,5,2.2
199,0,13.3,3,1,38,2.4,4,10,2,52,5,1.7
201,3,15.6,0,1,46,2.5,8,10,0,97,2,2.3
265,3,15.6,3,0,11,3.0,4,10,0,73,5,2.1
40,1,17.3,3,1,58,2.6,16,5,3,18,5,4.2
195,3,15.6,0,1,46,2.5,12,10,2,52,5,2.2
266,3,15.6,3,0,12,3.0,6,5,0,73,5,2.1
37,3,15.6,0,1,46,2.5,4,26,2,52,5,2.4
434,3,13.3,3,1,46,2.5,8,16,2,52,5,1.4
490,3,15.6,3,1,62,2.7,4,10,2,52,5,1.8
371,5,15.6,3,1,66,2.8,16,16,3,64,5,2.6
200,0,13.3,3,1,53,1.6,8,10,2,105,5,1.6
547,1,15.6,3,1,66,2.8,16,18,3,18,5,1.8
20,3,15.6,0,1,36,2.0,4,26,2,46,5,2.4
211,3,15.6,3,1,62,2.7,8,5,3,11,5,2.0
244,3,15.6,0,1,36,2.0,8,16,2,46,5,2.0
605,3,14.0,3,1,46,2.5,8,16,2,52,5,1.2
388,0,14.0,3,1,46,2.5,8,16,2,52,5,1.7
462,5,15.6,14,1,64,2.8,16,12,3,68,5,2.5
28,3,14.0,0,1,21,1.6,2,23,2,40,1,1.7
577,4,13.3,3,1,62,2.7,16,16,2,52,5,0.8
304,3,15.6,3,1,36,2.0,8,16,2,46,5,1.9
225,3,14.0,0,1,46,2.5,8,16,2,52,5,1.6
376,5,17.3,3,1,91,2.9,16,16,3,63,7,3.0
432,2,11.6,0,1,21,1.6,4,4,2,40,5,1.4
314,3,15.6,3,1,44,2.4,8,16,2,46,5,1.8
157,3,15.6,0,1,43,2.3,4,10,3,25,4,2.4
464,4,14.0,3,1,41,2.3,4,9,2,46,5,1.7
87,3,15.6,0,1,62,2.7,4,16,2,52,5,2.4
514,0,13.3,13,1,42,1.8,8,16,2,49,5,1.3
289,3,15.6,3,1,47,2.5,8,5,3,14,5,2.2
371,5,15.6,3,1,58,2.6,8,16,3,61,7,2.6
190,1,15.6,14,1,66,2.8,16,18,3,19,5,4.4
2,3,15.6,0,1,46,2.5,4,16,2,52,5,2.1
429,1,15.6,3,1,66,2.8,8,5,3,14,5,2.5
229,4,12.5,3,1,64,2.8,16,16,2,52,5,1.2
254,4,12.3,8,1,52,1.2,8,16,2,51,1,1.1
181,4,13.3,13,1,46,2.5,8,16,2,52,5,1.2
220,3,13.3,0,1,36,2.0,4,26,2,46,5,1.6
53,3,13.3,0,1,41,2.3,4,4,2,46,5,1.6
164,3,17.3,0,1,87,1.1,4,10,3,7,5,2.8
210,1,15.6,14,1,58,2.6,16,5,3,28,5,2.7
577,4,13.3,3,1,62,2.7,8,16,2,52,5,1.3
5,3,15.6,0,1,87,1.1,4,10,2,43,2,2.1
201,3,15.6,3,1,62,2.7,16,16,0,97,5,2.3
577,0,15.0,3,1,62,2.7,16,16,0,75,5,1.7
598,3,14.0,0,1,41,2.3,4,4,2,46,5,1.8
212,1,15.6,3,1,66,2.8,8,10,3,14,5,2.6
312,4,12.5,0,1,41,2.3,4,16,2,46,5,1.3
91,0,15.6,3,1,62,2.7,12,22,3,11,5,2.3
460,3,15.6,14,1,60,2.7,16,29,3,63,7,2.5
47,3,14.0,3,1,38,2.4,4,4,2,52,5,1.8
573,1,14.0,3,1,66,2.8,16,29,3,18,5,2.0
141,3,15.6,3,1,84,1.1,8,4,2,43,5,2.0
190,1,17.3,3,1,66,2.8,32,13,3,20,5,4.4
106,1,17.3,3,1,58,2.6,16,18,3,19,5,4.3
611,4,14.0,3,1,57,2.6,16,29,3,8,5,1.5
390,3,15.6,0,1,25,1.6,8,10,2,41,4,2.2
450,4,14.0,3,1,62,2.7,16,29,2,52,5,1.7
544,1,14.0,3,1,66,2.8,16,18,3,18,5,1.6
529,1,15.6,3,1,47,2.5,8,5,3,14,5,2.2
429,1,15.6,3,1,66,2.8,4,10,3,14,5,2.4
41,1,17.3,3,1,66,2.8,16,18,3,18,5,4.2
212,1,15.6,3,1,47,2.5,8,16,3,14,5,2.6
67,1,15.6,3,1,66,2.8,8,5,3,34,5,2.2
615,3,14.0,3,1,22,1.1,4,23,2,42,5,1.2
455,0,13.3,3,1,62,2.7,8,29,2,52,5,1.4
508,0,15.6,3,1,46,2.5,8,16,0,98,5,2.1
55,4,12.0,7,1,26,1.2,8,28,2,48,3,0.9
453,0,14.0,9,1,46,2.5,8,16,2,52,5,1.4
93,3,14.0,0,1,22,1.1,4,23,2,42,5,1.6
223,3,15.6,0,1,46,2.5,8,4,2,52,5,2.0
516,0,13.9,3,1,62,2.7,8,16,2,52,5,1.4
248,3,15.6,3,1,36,2.0,8,16,0,90,5,2.0
373,5,15.6,3,1,66,2.8,8,16,3,64,5,3.1
89,3,15.6,3,1,46,2.5,8,16,2,52,5,2.4
249,4,13.3,3,1,46,2.5,8,16,2,52,5,1.3
250,3,15.6,14,1,47,2.5,8,16,3,14,5,2.1
219,2,11.6,0,1,87,1.1,4,4,2,43,5,1.6
312,2,12.5,0,1,48,2.6,8,16,2,52,5,1.3
596,3,15.6,0,1,41,2.3,4,26,2,46,5,2.1
269,3,15.6,0,0,3,2.5,8,22,0,93,5,2.0
212,1,15.6,14,1,66,2.8,16,29,3,15,5,2.6
396,3,15.6,3,1,46,2.5,4,10,3,6,5,2.4
338,1,17.3,3,1,66,2.8,12,10,0,104,5,3.7
523,1,17.3,3,1,66,2.8,16,31,3,19,5,2.9
577,4,13.3,3,1,46,2.5,8,16,2,52,5,0.8
248,3,15.6,3,1,62,2.7,8,10,3,13,5,2.0
244,3,15.6,3,1,46,2.5,8,16,0,89,5,2.2
469,4,14.0,3,1,62,2.7,8,16,2,52,5,1.3
574,4,12.5,14,1,62,2.5,16,29,2,52,5,1.3
306,2,11.6,0,1,21,1.6,4,7,2,40,1,1.2
190,1,17.3,3,1,66,2.8,16,5,3,18,5,4.4
221,3,14.0,0,1,41,2.3,4,26,2,46,5,1.8
483,3,15.6,0,1,36,2.0,4,26,2,46,5,2.1
607,4,14.0,0,1,46,2.5,4,4,2,52,5,1.2
472,4,14.0,3,1,62,2.7,8,29,2,52,5,1.1
530,1,15.6,3,1,47,2.5,8,16,3,14,5,2.4
453,4,14.0,3,1,46,2.5,8,15,2,52,5,1.1
596,3,14.0,0,1,82,2.1,4,4,2,44,5,1.8
168,0,13.3,3,1,46,2.5,8,16,2,52,5,1.1
221,3,14.0,0,1,36,2.0,4,26,2,46,5,1.8
27,2,11.6,0,1,21,1.6,4,23,2,40,1,1.4
47,3,14.0,3,1,38,2.4,8,4,2,52,5,1.5
573,1,17.3,14,1,67,2.9,32,29,3,21,5,3.5
472,4,14.0,9,1,57,2.6,16,29,2,46,5,1.1
135,3,15.6,3,1,46,2.5,4,10,3,5,2,2.1
464,3,14.0,3,1,41,2.3,8,16,2,46,5,1.7
450,3,14.0,3,1,48,2.6,8,16,2,52,5,1.3
189,1,15.6,3,1,66,2.8,16,18,3,19,5,3.2
117,1,17.3,3,1,66,2.8,16,18,3,19,5,2.9
596,3,15.6,0,1,38,2.4,4,26,2,52,5,2.0
433,3,14.0,0,1,23,1.6,4,7,2,40,1,1.5
94,3,15.6,3,1,46,2.5,8,3,2,52,5,2.3
115,1,17.3,3,1,58,2.6,16,31,3,18,5,2.7
190,1,17.3,3,1,66,2.8,32,31,3,19,5,4.4
352,3,17.3,2,1,46,2.5,8,10,3,9,5,2.6
244,3,15.6,0,1,46,2.5,8,4,2,52,5,2.2
313,4,14.0,3,1,55,2.5,8,29,2,46,7,1.5
244,3,15.6,3,1,62,2.7,4,16,0,89,5,2.2
308,0,11.6,0,1,22,1.1,4,23,2,42,1,1.4
173,4,13.3,3,1,41,2.3,8,29,3,10,5,1.4
316,0,13.3,3,1,46,2.5,8,16,2,52,5,1.3
313,4,14.0,3,1,55,2.5,8,29,2,46,5,1.5
304,3,15.6,0,1,21,1.6,4,4,2,40,4,1.9
109,1,15.6,3,1,66,2.8,16,5,3,18,5,2.1
207,3,17.3,3,1,62,2.7,8,10,0,97,2,2.8
449,4,14.0,3,1,66,2.8,8,16,3,13,5,2.0
82,3,15.6,3,1,62,2.7,8,16,3,22,5,2.3
227,3,15.6,3,1,46,2.5,8,4,2,52,5,1.9
148,3,15.6,0,1,87,1.1,4,10,2,43,5,2.0
316,0,13.3,3,1,64,2.8,8,16,2,52,5,1.3
197,3,13.3,3,1,41,2.3,8,10,2,46,5,1.6
391,3,15.6,3,1,36,2.0,4,10,2,46,4,2.2
437,3,15.6,3,1,46,2.5,8,10,2,52,5,2.3
314,3,15.6,3,1,48,2.6,8,16,0,99,5,1.8
585,3,13.3,3,1,46,2.5,4,4,2,52,5,1.0
429,1,15.6,3,1,47,2.5,8,10,3,14,4,2.5
249,4,13.3,13,1,65,2.5,16,29,2,56,5,1.3
358,3,15.6,3,1,41,2.3,4,26,2,46,5,2.1
595,4,13.3,0,1,41,2.3,8,16,2,46,5,1.2
455,0,13.3,3,1,62,2.7,8,16,2,52,5,1.4
50,3,14.0,3,1,46,2.5,8,16,2,52,5,1.6
238,5,15.6,3,1,66,2.8,8,10,3,69,5,2.2
441,3,15.6,0,1,46,2.5,4,26,2,52,5,2.4
391,3,15.6,3,1,36,2.0,4,10,0,91,4,2.2
603,3,15.6,3,1,62,2.7,8,16,2,52,5,2.0
456,3,13.3,3,1,38,2.4,4,9,2,52,5,1.4
577,4,15.0,3,1,62,2.7,16,16,3,11,5,1.2
229,4,12.5,3,1,64,2.8,8,16,2,52,5,1.6
150,3,15.6,0,1,87,1.1,4,10,2,43,2,2.0
619,4,13.3,3,1,41,2.3,8,16,3,11,5,1.3
248,3,15.6,3,1,46,2.5,4,5,3,11,5,2.2
351,3,15.6,3,1,46,2.5,4,16,2,52,5,2.0
316,0,13.3,3,1,46,2.5,4,16,2,52,5,1.3
348,0,15.6,0,1,46,2.5,4,26,2,52,5,2.3
134,3,14.1,0,1,22,1.1,4,23,2,42,5,1.6
411,3,15.6,3,1,55,2.5,8,10,3,11,5,2.2
194,3,15.6,0,1,86,1.6,4,26,2,39,5,2.2
316,0,13.3,3,1,46,2.5,4,16,2,52,5,1.3
244,3,15.6,0,1,36,2.0,4,10,0,90,2,2.2
121,1,17.3,3,1,47,2.5,12,5,3,14,5,2.2
30,2,11.6,0,1,21,1.6,4,23,2,40,1,1.2
392,3,17.3,2,0,5,2.2,4,26,0,81,5,2.8
360,3,14.0,3,1,46,2.5,4,4,2,52,5,2.0
328,0,13.3,13,1,62,2.7,16,16,2,52,5,1.4
577,4,15.0,3,1,62,2.7,8,16,2,52,5,1.2
450,4,14.0,3,1,46,2.5,8,16,2,52,5,1.3
552,1,17.3,14,1,58,2.6,16,33,3,18,5,2.4
584,3,13.3,3,1,46,2.5,8,16,2,52,5,1.0
212,1,15.6,3,1,66,2.8,8,10,3,17,2,2.6
351,3,15.6,3,1,62,2.7,8,10,3,9,5,2.0
244,3,15.6,0,1,36,2.0,4,10,0,90,5,2.2
227,3,15.6,3,1,48,2.6,8,26,2,52,5,1.9
249,0,13.3,13,1,69,1.3,8,29,2,51,5,1.2
79,1,17.3,3,1,59,2.7,32,19,3,32,5,3.6
249,0,13.3,3,1,69,1.3,16,16,2,51,5,1.2
453,4,14.0,3,1,62,2.7,8,15,2,52,5,1.1
452,3,15.6,3,1,46,2.5,8,29,2,52,5,2.0
379,4,15.6,3,1,62,2.7,16,29,2,52,5,1.1
318,2,12.5,3,1,62,2.7,8,29,2,52,5,1.3
33,3,15.6,3,1,18,1.5,4,7,2,39,1,2.2
418,3,15.6,3,1,43,2.3,8,5,3,28,5,2.6
378,4,14.0,3,1,62,2.7,8,29,2,52,5,1.0
225,3,14.0,3,1,49,2.8,8,16,2,52,5,1.6
321,4,12.5,14,1,29,1.2,8,14,2,45,5,1.1
410,3,15.6,3,1,62,2.7,6,16,3,11,5,2.2
351,3,15.6,3,1,62,2.7,8,16,3,9,5,2.0
14,3,15.6,3,1,38,2.4,4,10,2,52,5,2.4
434,3,13.3,3,1,46,2.5,4,4,2,52,5,1.4
356,3,13.3,3,1,46,2.5,8,16,2,52,5,1.5
524,1,17.3,3,1,66,2.8,16,18,3,15,5,2.7
212,1,15.6,3,1,66,2.8,16,5,3,15,5,2.6
530,1,15.6,3,1,47,2.5,8,5,3,14,5,2.2
244,3,15.6,0,1,46,2.5,4,10,0,89,5,2.2
314,4,15.6,3,1,55,2.5,8,16,0,95,5,1.8
324,4,13.3,13,1,62,2.7,8,16,2,52,5,1.4
612,3,15.6,3,1,57,2.6,16,16,3,8,5,2.4
455,0,13.3,3,1,46,2.5,8,29,2,52,5,1.4
223,3,15.6,0,1,41,2.3,4,26,2,46,5,2.0
474,4,12.5,3,1,62,2.7,8,16,2,52,5,1.4
361,3,15.6,3,1,41,2.3,8,16,2,46,5,2.3
244,3,15.6,0,1,46,2.5,4,10,2,52,5,2.2
353,3,14.0,0,1,41,2.3,4,26,2,46,5,2.0
401,3,15.6,0,1,87,1.1,4,10,2,43,5,2.2
312,4,12.5,3,1,41,2.3,4,26,2,46,5,1.3
304,3,15.6,0,1,21,1.6,4,10,2,40,4,1.9
514,0,13.3,13,1,56,2.2,16,12,2,54,5,1.3
608,3,14.0,3,1,41,2.3,4,4,2,46,5,1.5
312,2,12.5,3,1,41,2.3,8,16,2,46,5,1.3
244,3,15.6,0,1,36,2.0,4,10,2,46,5,2.2
538,1,15.6,3,1,66,2.8,8,5,3,14,5,2.2
231,4,14.0,3,1,46,2.5,8,16,2,52,5,1.4
190,1,17.3,9,1,59,2.7,16,31,3,21,5,4.4
335,1,17.3,3,1,43,2.3,8,5,3,29,5,2.8
166,3,17.3,2,1,86,1.6,4,10,3,7,5,2.8
54,3,15.6,0,1,46,2.5,4,26,2,52,5,2.2
600,3,15.6,0,1,41,2.3,8,16,2,46,5,2.2
510,0,11.3,3,1,35,1.2,8,16,2,45,5,1.1
417,1,15.6,3,0,80,2.1,16,31,0,100,5,2.5
229,4,12.5,3,1,46,2.5,8,16,2,39,5,1.4
396,3,15.6,3,1,62,2.7,8,10,3,7,4,2.2
218,3,17.3,2,1,36,2.0,4,10,0,97,5,2.4
28,3,14.0,0,1,21,1.6,4,23,2,40,1,1.7
374,5,15.6,3,1,60,2.7,8,38,3,61,5,2.0
231,4,14.0,3,1,64,2.8,8,16,2,52,5,1.4
592,3,13.3,3,1,41,2.3,8,16,2,46,7,1.2
61,0,12.5,3,1,32,1.2,8,35,2,45,1,1.2
464,4,14.0,3,1,57,2.6,8,16,2,46,5,1.7
190,1,17.3,14,1,66,2.8,16,31,3,19,5,4.4
249,0,13.3,3,1,51,1.2,8,16,2,51,5,1.2
355,0,11.6,0,1,87,1.1,4,16,2,43,5,1.4
249,4,13.3,13,1,55,2.5,8,16,2,46,5,1.3
31,0,11.6,0,1,21,1.6,4,23,2,40,1,1.2
590,3,13.3,3,1,44,2.4,8,16,2,46,5,1.2
454,4,12.5,3,1,48,2.6,8,16,2,52,5,1.4
22,3,15.6,3,1,46,2.5,12,5,3,25,5,2.4
580,4,12.5,3,1,62,2.7,8,29,2,52,5,1.1
351,3,15.6,0,1,46,2.5,8,10,3,9,5,2.0
195,3,15.6,0,1,36,2.0,4,10,0,91,2,2.2
227,3,15.6,0,1,46,2.5,4,26,2,52,5,1.9
351,3,15.6,3,1,38,2.4,4,26,2,52,5,2.0
190,1,17.3,3,1,66,2.8,32,18,3,19,5,4.4
396,3,15.6,3,1,46,2.5,6,16,3,7,5,2.4
249,0,13.3,13,1,69,1.3,16,29,2,51,5,1.2
236,4,14.0,9,1,57,2.6,8,16,2,46,5,1.5
190,1,17.3,3,1,58,2.6,32,18,3,19,5,4.4
597,3,14.0,3,1,41,2.3,8,16,2,46,5,2.0
124,1,17.3,3,1,66,2.8,16,18,3,18,5,2.7
358,3,15.6,3,1,46,2.7,8,5,3,9,5,2.0
446,3,14.0,0,1,41,2.3,4,27,2,46,7,1.7
92,0,15.6,14,1,62,2.7,16,33,3,25,5,2.3
280,3,15.6,0,1,62,2.7,6,10,2,52,5,2.0
122,1,17.3,3,1,66,2.8,16,18,3,15,5,3.0
215,0,15.6,3,1,62,2.7,12,29,2,52,5,2.2
591,3,13.3,3,1,41,2.3,4,4,2,46,7,1.2
399,3,15.6,3,0,4,3.6,6,16,0,74,5,2.2
251,3,15.6,0,1,41,2.3,4,16,2,46,5,2.3
599,3,14.0,0,1,41,2.3,4,26,2,46,5,1.8
195,3,15.6,0,1,46,2.5,4,26,0,91,5,2.2
358,3,15.6,3,1,46,2.5,8,10,2,52,5,2.0
429,1,15.6,3,1,66,2.8,8,5,3,18,5,2.5
201,3,15.6,0,1,62,2.7,8,10,0,97,5,2.4
225,3,14.0,3,1,46,2.5,8,4,2,52,5,1.6
315,2,12.5,3,1,29,1.2,8,29,2,45,5,1.0
271,3,15.6,3,1,36,2.0,4,5,0,73,5,2.1
476,3,15.6,0,1,22,1.1,4,4,2,42,4,1.9
451,3,15.6,3,1,41,2.3,8,16,2,46,5,2.3
199,0,13.3,3,1,46,2.5,8,16,2,52,5,1.7
171,3,13.3,13,1,46,2.5,8,16,2,52,5,1.4
363,4,13.3,3,1,62,2.7,8,16,2,52,5,1.1
19,3,15.6,0,1,87,1.1,4,26,2,43,5,2.4
113,1,15.6,3,1,66,2.8,16,18,3,15,5,2.5
313,4,14.0,3,1,62,2.7,8,29,2,52,5,1.5
38,1,15.6,3,1,66,2.8,8,5,3,14,5,2.7
309,3,13.3,3,1,46,2.5,8,16,2,52,5,1.3
244,3,15.6,0,1,38,2.4,4,4,2,52,5,2.2
357,3,14.0,0,1,46,2.5,4,26,2,52,5,1.6
586,3,13.3,3,1,41,2.3,4,4,2,46,5,1.2
313,3,14.0,0,1,44,2.4,4,16,2,46,5,1.5
353,3,14.0,3,1,46,2.5,4,16,2,52,5,2.0
311,4,14.0,3,1,57,2.6,8,16,2,46,7,1.4
350,3,14.0,3,1,46,2.5,8,16,3,9,5,1.6
357,3,14.0,0,1,38,2.4,4,26,2,52,5,1.6
212,1,15.6,3,1,47,2.5,8,1,3,14,5,2.6
312,4,12.5,3,1,46,2.5,4,26,2,52,5,1.3
319,3,14.0,3,1,46,2.5,4,16,2,52,5,1.5
313,4,14.0,3,1,55,2.5,8,16,2,46,5,1.5
356,3,13.3,0,1,38,2.4,4,26,2,52,5,1.5
579,3,13.3,0,1,41,2.3,8,16,2,46,5,1.5
351,3,15.6,0,1,38,2.4,4,16,2,52,5,2.0
445,3,17.3,14,1,60,2.7,16,29,3,60,7,2.4
609,3,14.0,3,1,41,2.3,8,16,2,46,5,1.5
311,3,14.0,3,1,55,2.5,8,16,2,46,5,1.4
202,0,15.6,3,1,37,2.3,4,10,2,46,5,2.1
594,4,13.3,3,1,41,2.3,8,16,2,46,5,1.2
362,3,13.3,3,1,46,2.5,8,16,2,52,5,1.1
350,3,14.0,3,1,62,2.7,8,16,3,9,5,1.6
234,3,15.6,3,1,44,2.4,8,26,2,46,5,2.1
318,4,12.5,0,1,46,2.5,4,16,2,52,5,1.3
354,3,14.0,0,1,46,2.5,4,26,2,52,5,2.3
353,3,14.0,0,1,46,2.5,4,26,2,52,5,2.0
249,4,13.3,13,1,46,2.5,8,16,2,52,5,1.3
359,3,17.3,3,1,46,2.5,8,16,3,9,5,2.6
350,3,14.0,0,1,46,2.5,4,16,2,52,5,1.6
2,3,15.6,0,0,11,3.0,6,10,0,84,5,2.1
533,1,17.3,3,1,66,2.8,8,5,3,14,5,2.7
360,3,14.0,3,1,41,2.3,8,16,2,46,7,2.0
314,3,15.6,3,1,55,2.5,8,16,2,46,5,1.8
312,4,12.5,3,1,55,2.5,8,16,2,46,5,1.3
351,3,15.6,0,1,46,2.5,4,26,2,52,5,2.0
610,4,14.0,3,1,57,2.6,8,16,2,46,5,1.5
234,3,15.6,3,1,44,2.4,8,16,2,46,7,2.1
350,3,14.0,3,1,46,2.5,8,16,2,52,5,1.6
507,0,15.6,3,1,55,2.5,4,16,2,46,5,1.8
618,3,14.0,0,1,13,1.44,2,23,2,40,5,1.4
601,3,15.6,3,1,55,2.5,16,16,3,8,5,2.4
459,3,15.6,3,1,41,2.3,8,16,2,46,5,2.3
313,3,14.0,3,1,41,2.3,4,26,2,46,5,1.5
314,3,15.6,3,1,44,2.4,8,21,2,46,5,1.8
311,3,14.0,3,1,41,2.3,8,16,2,46,7,1.4
555,1,17.3,3,1,59,2.7,16,18,3,32,5,3.8
419,1,17.3,3,1,58,2.6,16,5,3,32,5,4.6
60,2,11.6,0,1,21,1.6,4,7,2,40,1,1.2
453,3,14.0,9,1,57,2.6,16,16,2,46,7,1.1
329,3,15.6,3,1,62,2.7,8,10,3,11,5,1.9
205,0,15.6,3,1,46,2.7,8,16,2,52,5,2.3
351,3,15.6,0,1,46,2.5,4,16,2,52,5,2.0
249,4,13.3,13,1,62,2.7,16,12,2,52,5,1.2
354,3,15.6,0,1,37,2.3,4,26,2,46,5,2.3
303,3,15.6,0,1,46,2.5,4,26,2,52,4,2.0
17,3,15.6,0,0,9,2.2,8,10,0,84,5,2.4
209,0,13.3,3,1,62,2.7,12,16,2,52,5,1.6
553,1,15.6,3,1,58,2.6,16,18,3,18,5,2.9
351,3,15.6,3,1,62,2.7,8,16,2,52,5,2.0
104,1,17.3,3,1,58,2.6,16,10,3,29,4,4.0
195,3,15.6,3,1,46,2.5,4,10,2,39,5,2.2
201,3,15.6,3,1,62,2.7,16,22,0,97,5,2.3
546,1,15.6,3,1,58,2.6,16,18,3,18,5,1.8
249,4,13.3,3,1,62,2.7,8,16,2,52,5,1.3
96,1,17.3,3,1,59,2.7,64,12,3,31,5,3.6
197,0,13.3,3,1,55,2.5,8,16,2,46,5,1.6
189,1,15.6,14,1,58,2.6,16,18,3,30,5,3.2
55,4,12.0,7,1,26,1.1,8,15,2,45,3,0.9
222,3,15.6,0,1,37,2.3,4,26,2,46,5,2.1
354,3,15.6,0,1,41,2.3,4,26,2,46,5,2.3
312,4,12.5,3,1,41,2.3,8,16,2,46,7,1.3
349,3,13.3,3,1,62,2.7,8,16,2,52,5,1.5
455,4,12.5,3,1,55,2.5,8,16,2,46,5,1.3
394,3,17.3,2,1,41,2.3,8,0,0,88,5,3.0
428,3,15.6,3,1,43,2.3,4,10,3,25,5,2.3
556,1,17.3,3,1,66,2.8,16,18,3,19,5,3.8
486,3,15.6,0,1,41,2.3,4,26,2,46,5,2.1
361,3,15.6,3,1,41,2.3,4,26,2,46,7,2.3
515,4,12.5,9,1,29,1.2,8,29,2,45,5,1.0
419,1,17.3,3,1,59,2.7,32,30,3,32,5,4.6
518,0,10.1,4,1,17,1.44,4,35,2,40,5,0.7
366,4,13.3,14,1,62,2.7,16,29,2,52,5,1.3
244,3,15.6,3,1,46,2.5,8,16,2,52,5,2.2
313,3,14.0,3,1,41,2.3,4,26,2,46,7,1.5
372,5,15.6,3,1,55,2.5,8,16,0,0,7,1.9
446,3,14.0,3,1,41,2.3,8,9,2,46,7,1.7
307,3,13.3,13,1,83,1.5,4,23,2,45,1,1.3
17,3,15.6,0,0,9,2.2,4,26,0,84,5,2.4
194,3,15.6,0,1,85,1.6,4,26,2,39,2,2.2
304,3,15.6,0,1,36,2.0,4,10,2,46,4,1.9
116,1,17.3,3,1,66,2.8,8,18,3,18,5,2.7
198,4,13.3,3,1,53,1.6,4,16,0,74,5,1.4
318,2,12.5,0,1,41,2.3,4,4,2,46,7,2.4
21,3,15.6,3,1,46,2.5,8,18,3,25,5,2.4
201,3,15.6,3,1,46,2.5,8,10,0,97,5,2.4
549,1,17.3,3,1,58,2.6,8,16,3,29,5,2.6
303,3,15.6,0,1,86,1.6,4,10,2,41,5,2.0
80,1,17.3,3,1,58,2.6,16,5,3,32,5,4.3
232,4,12.5,0,1,37,2.3,4,26,2,46,7,1.5
232,4,12.5,0,1,37,2.3,4,4,2,46,7,1.5
29,3,15.6,0,1,18,1.5,4,8,2,39,1,2.2
373,5,17.3,3,1,58,2.6,8,10,0,2,7,3.0
429,1,15.6,3,1,66,2.8,16,29,3,15,5,2.4
232,4,12.5,0,1,41,2.3,8,16,2,46,7,1.5
522,1,17.3,3,1,58,2.6,8,5,3,28,5,2.9
507,0,15.6,3,1,41,2.3,4,16,2,46,5,2.1
288,3,15.6,3,0,7,2.5,4,10,0,82,5,2.1
111,1,15.6,3,1,58,2.6,16,5,3,28,5,2.6
310,3,13.3,13,1,28,1.1,8,16,2,45,5,1.2
243,3,15.6,0,1,41,2.3,4,26,0,87,7,2.2
480,3,15.6,0,1,36,2.0,4,4,2,46,5,2.1
364,4,13.3,3,1,55,2.5,8,29,2,46,5,1.2
518,0,10.1,4,1,17,1.44,4,35,2,40,0,0.7
249,4,13.3,3,1,63,2.4,8,16,2,56,5,1.2
419,1,17.3,3,1,59,2.7,16,17,3,32,5,4.6
574,4,12.5,14,1,55,2.5,8,16,2,46,5,1.2
582,4,13.3,3,1,62,2.7,16,29,2,52,5,1.0
119,1,17.3,3,1,58,2.6,8,5,3,28,5,3.5
617,3,13.3,3,1,13,1.44,4,23,2,40,5,1.4
364,3,13.3,3,1,41,2.3,8,16,2,46,5,1.2
311,3,14.0,3,1,41,2.3,8,16,2,46,7,1.4
234,3,15.6,0,1,41,2.3,4,26,2,46,2,2.1
135,3,15.6,0,1,38,2.4,4,10,2,52,5,2.0
455,0,14.0,3,1,55,2.5,8,16,2,46,5,1.8
518,0,10.1,4,1,17,1.44,4,35,2,40,5,0.7
312,4,12.5,0,1,44,2.4,8,16,2,46,7,1.3
429,1,15.6,3,1,47,2.5,8,5,3,18,4,2.4
330,1,17.3,3,1,43,2.3,8,5,3,18,5,3.4
281,3,15.6,0,1,62,2.7,8,22,2,52,5,2.0
442,0,14.0,3,1,57,2.6,8,29,3,67,7,1.8
84,3,14.0,0,1,22,1.1,4,23,2,42,5,1.5
304,4,15.6,3,1,62,2.7,8,16,2,52,5,1.8
15,3,15.6,3,1,46,2.5,4,10,3,11,5,2.2
409,3,15.6,3,1,55,2.5,16,1,0,94,5,2.5
373,5,17.3,3,1,58,2.6,8,16,3,66,7,3.0
201,3,15.6,0,1,46,2.5,8,10,0,97,5,2.5
555,1,17.3,3,1,60,2.7,16,18,3,32,5,3.8
314,4,15.6,3,1,55,2.5,8,16,2,46,7,1.9
453,0,14.0,9,1,57,2.6,16,29,2,46,5,2.8
536,1,15.6,3,1,66,2.8,8,5,3,14,5,2.4
364,0,13.3,3,1,44,2.4,8,16,2,46,5,1.5
371,5,15.6,3,1,58,2.6,8,16,3,61,7,2.6
364,0,13.3,9,1,57,2.6,8,16,2,46,5,1.5
374,5,15.6,3,1,58,2.6,8,16,3,61,7,2.0
312,4,12.5,3,1,55,2.5,8,16,2,46,7,1.3
248,3,15.6,3,1,62,2.7,8,16,3,11,5,2.2
314,3,15.6,3,1,41,2.3,8,16,2,46,7,1.9
453,0,14.0,9,1,55,2.5,8,16,2,46,5,1.3
481,3,15.6,0,1,36,2.0,4,10,2,46,4,1.9
258,3,15.6,0,0,74,1.8,4,26,0,80,5,1.9
384,3,15.6,3,1,41,2.3,8,10,0,88,4,2.3
212,1,15.6,3,1,66,2.8,8,10,3,17,5,2.6
250,3,15.6,14,1,43,2.3,8,16,3,12,5,2.0
284,3,15.6,3,0,8,2.5,4,16,0,73,5,1.9
540,1,17.3,3,1,66,2.8,16,18,3,15,5,2.7
447,4,14.0,3,1,57,2.6,12,29,2,46,7,1.4
383,3,15.6,3,1,41,2.3,8,1,0,88,5,2.5
364,0,13.3,9,1,57,2.6,8,29,2,46,5,1.5
446,4,14.0,3,1,57,2.6,8,16,2,46,7,1.7
543,1,14.0,3,1,58,2.6,16,18,3,30,5,1.7
345,1,15.6,3,1,66,2.8,8,10,3,14,5,2.6
397,3,15.6,0,1,36,2.0,8,10,2,46,5,2.2
302,3,15.6,0,1,41,2.3,4,26,2,46,4,2.1
212,1,15.6,14,1,66,2.8,8,5,3,15,5,2.6
452,3,15.6,3,1,46,2.5,8,16,2,52,5,2.0
382,3,15.6,3,1,36,2.0,4,10,3,7,5,2.2
368,3,14.0,0,1,21,1.6,2,23,2,40,5,1.4
565,1,15.6,3,1,62,2.7,8,10,3,14,5,2.2
303,3,15.6,3,1,55,2.5,8,16,2,46,5,2.0
351,3,15.6,3,1,70,1.8,16,29,2,105,5,2.1
158,3,15.6,0,1,20,1.6,4,26,2,39,5,2.2
485,3,15.6,0,1,41,2.3,4,26,2,46,4,2.1
410,3,15.6,3,1,62,2.7,8,10,3,11,4,2.2
126,3,14.0,3,1,38,2.4,4,16,2,52,5,2.0
385,3,15.6,3,1,55,2.5,4,1,2,46,7,2.3
418,1,15.6,3,1,58,2.6,16,29,3,26,5,3.3
545,1,15.6,3,1,58,2.6,16,5,3,30,5,1.9
351,3,15.6,0,1,37,2.3,4,26,2,46,5,2.1
453,0,14.0,9,1,41,2.3,8,16,2,46,5,1.4
396,4,15.6,3,1,62,2.7,6,16,3,6,5,1.5
248,3,15.6,3,1,62,2.7,8,16,3,13,2,2.0
2,3,15.6,0,1,22,2.0,4,26,2,42,5,2.1
343,3,15.6,3,1,58,2.6,6,10,3,28,5,2.2
112,1,15.6,3,1,58,2.6,8,18,3,28,5,2.6
205,0,15.6,3,1,62,2.7,16,29,2,52,5,2.1
15,3,15.6,3,1,46,2.5,4,16,3,11,5,2.2
249,4,13.3,13,1,44,2.4,8,16,2,46,2,1.2
41,1,17.3,3,1,66,2.8,16,18,3,19,5,4.2
429,1,15.6,3,1,47,2.5,8,10,3,14,5,2.4
576,0,12.3,8,2,72,2.0,4,23,1,59,1,1.2
304,3,15.6,0,1,46,2.5,4,26,2,52,5,1.9
55,4,12.0,7,1,26,1.1,8,15,2,48,3,0.9
209,0,13.3,3,1,46,2.5,8,16,2,52,5,1.6
346,3,15.6,3,1,66,2.8,12,5,3,14,5,2.2
482,3,15.6,0,1,36,2.0,4,10,0,91,4,1.9
108,1,17.3,3,1,58,2.6,16,31,3,32,5,4.3
2,3,15.6,0,1,22,2.0,4,10,2,42,2,2.1
550,1,17.3,3,1,66,2.8,16,18,3,18,5,2.4
201,3,15.6,0,1,36,2.0,4,4,0,96,5,2.3
397,3,15.6,0,1,55,2.5,8,26,3,7,4,2.2
206,0,15.6,3,1,70,1.8,16,29,2,105,5,2.0
249,4,13.3,13,1,62,2.7,16,29,2,52,5,1.2
66,1,15.6,3,1,58,2.6,8,10,3,18,5,2.2
201,3,15.6,3,1,46,2.5,8,16,0,97,5,2.4
279,3,15.6,0,1,46,2.5,8,16,2,52,5,1.9
400,3,15.6,0,0,75,2.2,4,26,0,80,5,2.2
16,3,17.3,2,1,36,2.0,8,10,3,11,5,3.3
124,1,15.6,3,1,66,2.8,16,18,3,19,5,2.2
55,4,12.0,7,1,26,1.2,8,28,2,45,3,0.9
65,3,15.6,3,1,66,2.8,16,5,3,18,5,2.2
552,1,17.3,3,1,58,2.6,16,18,3,18,5,2.4
215,0,15.6,3,1,46,2.5,8,16,2,52,5,2.2
101,1,17.3,3,1,66,2.8,16,18,3,18,5,2.9
25,2,11.6,0,1,18,1.5,2,25,2,39,1,1.3
34,3,17.3,2,1,36,2.0,4,10,3,11,5,3.3
405,3,17.3,2,1,46,2.5,8,10,2,52,4,2.8
418,1,15.6,3,1,58,2.6,8,5,3,27,5,2.6
43,0,14.0,3,1,69,1.3,8,16,2,51,5,1.2
470,3,15.6,3,1,57,2.6,8,16,2,46,5,2.3
539,1,15.6,3,1,58,2.6,8,5,3,18,5,2.2
287,3,15.6,3,0,4,2.7,6,10,0,74,5,2.1
235,4,12.5,3,1,44,2.4,8,16,2,46,7,1.3
205,0,15.0,3,1,38,2.4,4,26,2,52,5,2.1
144,3,15.6,0,1,86,1.6,4,10,2,41,5,2.6
249,4,13.3,13,1,62,2.7,8,16,2,52,5,1.3
244,3,15.6,0,1,46,2.5,4,10,2,46,2,2.2
418,1,15.6,3,1,58,2.6,16,5,3,28,5,2.6
531,1,15.6,3,1,66,2.8,8,5,3,14,5,2.2
455,2,12.5,3,1,55,2.5,16,29,2,46,5,1.3
573,1,14.0,3,1,66,2.8,16,12,3,18,5,2.0
195,3,15.6,0,1,38,2.4,8,10,2,52,5,2.3
525,1,17.3,3,1,66,2.8,16,18,3,18,5,2.7
56,4,11.6,0,1,40,1.6,4,15,2,50,3,1.1
277,3,15.6,3,1,36,2.0,4,10,2,46,5,2.1
313,4,14.0,9,1,55,2.5,8,16,2,46,7,1.5
243,3,15.6,0,1,41,2.3,4,26,2,46,7,2.2
528,1,15.6,3,1,58,2.6,8,5,3,28,5,2.3
434,3,13.3,3,1,62,2.7,16,29,2,52,5,1.4
399,3,15.6,3,0,4,3.6,6,16,0,74,5,2.2
172,4,13.3,3,1,55,2.5,8,16,2,46,5,1.4
20,3,15.6,0,1,36,2.0,4,26,2,46,2,2.4
217,0,17.3,3,1,62,2.7,16,29,3,11,5,2.8
313,3,14.0,3,1,41,2.3,4,16,2,46,7,1.5
114,1,15.6,3,1,66,2.8,16,18,3,15,5,2.5
225,3,14.0,0,1,46,2.5,4,26,2,52,5,1.6
110,1,15.6,3,1,58,2.6,16,18,3,19,5,2.3
503,3,15.6,3,1,46,2.5,8,16,2,52,4,2.3
249,0,13.3,13,1,51,1.2,8,16,2,51,5,1.2
194,3,15.6,0,1,86,1.6,4,26,2,39,2,2.2
305,3,15.6,0,0,7,2.5,4,26,0,83,5,1.9
397,3,15.6,3,1,37,2.3,6,4,3,7,5,2.4
439,3,14.0,3,1,41,2.3,8,16,2,46,5,1.9
194,3,15.6,0,1,85,1.6,4,26,2,39,5,2.2
149,3,15.6,0,1,22,1.1,4,10,2,42,5,2.0
107,1,17.3,3,1,58,2.6,16,5,3,30,5,4.0
244,3,15.6,0,1,36,2.0,4,26,2,46,5,2.3
386,3,15.6,3,1,55,2.5,8,1,0,88,7,2.3
519,1,15.6,3,1,58,2.6,8,5,3,28,5,2.4
505,0,14.0,3,1,41,2.3,4,4,2,46,5,1.8
170,4,13.3,3,1,27,0.9,8,29,2,45,5,1.2
195,3,15.6,0,1,38,2.4,6,10,2,52,5,2.3
18,3,15.6,0,1,21,1.6,4,26,2,40,2,2.4
194,3,15.6,0,1,20,1.6,2,26,2,39,5,2.2
418,3,15.6,3,1,58,2.6,8,10,3,28,5,2.6
342,3,15.6,3,0,10,2.9,6,1,0,96,5,2.0
195,3,15.6,0,1,62,2.7,8,10,0,91,2,2.3
367,2,11.6,0,1,21,1.6,2,23,2,40,5,1.2
162,3,15.6,0,1,55,2.5,4,26,3,6,5,2.2
506,0,14.0,3,1,55,2.5,4,4,2,46,5,1.8
514,0,13.3,13,1,55,2.5,16,29,2,46,5,1.3
389,3,14.0,0,1,20,1.6,2,35,2,39,5,1.5
256,3,15.6,0,1,55,2.5,6,10,0,88,5,2.2
159,3,15.6,0,1,20,1.6,4,26,2,39,5,2.2
